player_tag,player_name,clan_tag,clan_name,location_id,location_name,cards,card_names,trophies,clan_score,avg_hp,avg_damage,avg_elixir,total_hp,total_damage
2R8R2LCG0,StormBird,G980VVPJ,NoGraveNoWin,57000000,Europe,"[26000063, 26000035, 26000018, 26000103, 26000067, 26000048, 28000007, 28000026]","['Electro Dragon', 'Lumberjack', 'Mini P.E.K.K.A', 'Boss Bandit', 'Elixir Golem', 'Night Witch', 'Lightning', 'Vines']",10551,101644,1367.8333333333333,613.5,4.333333333333333,8207.0,3681.0
8L2Y8GPJU,⭐️Racerface⭐️,G980VVPJ,NoGraveNoWin,57000000,Europe,"[28000017, 27000006, 26000000, 28000009, 27000013, 26000010, 26000095, 26000102]","['Giant Snowball', 'Tesla', 'Knight', 'Poison', 'Goblin Drill', 'Skeletons', 'Goblin Demolisher', 'Berserker']",10395,101644,960.6,297.2,2.8,4803.0,1486.0
2CGVLQY0,<c4>Traya<c4>,G980VVPJ,NoGraveNoWin,57000000,Europe,"[27000006, 26000001, 26000010, 26000084, 26000000, 28000000, 27000008, 28000011]","['Tesla', 'Archers', 'Skeletons', 'Electro Spirit', 'Knight', 'Fireball', 'X-Bow', 'The Log']",10375,101644,1051.857142857143,275.14285714285717,3.2857142857142856,7363.0,1926.0
R0RLL2P0,franco,G980VVPJ,NoGraveNoWin,57000000,Europe,"[26000037, 26000007, 26000069, 26000003, 28000000, 26000041, 28000010, 28000001]","['Inferno Dragon', 'Witch', 'Skeleton King', 'Giant', 'Fireball', 'Goblin Gang', 'Graveyard', 'Arrows']",10355,101644,1417.7142857142858,552.2857142857143,4.142857142857143,9924.0,3866.0
9CLCCVVR0,King❤️Skillit,G980VVPJ,NoGraveNoWin,57000000,Europe,"[26000015, 26000045, 26000074, 26000018, 28000026, 28000012, 26000052, 26000009]","['Baby Dragon', 'Executioner', 'Golden Knight', 'Mini P.E.K.K.A', 'Vines', 'Tornado', 'Zappies', 'Golem']",10315,101644,2086.0,493.0,4.666666666666667,12516.0,2958.0
98UVV0,AgraelV,G980VVPJ,NoGraveNoWin,57000000,Europe,"[26000007, 27000010, 26000018, 26000003, 28000000, 26000039, 26000042, 28000008]","['Witch', 'Furnace', 'Mini P.E.K.K.A', 'Giant', 'Fireball', 'Mega Minion', 'Electro Wizard', 'Zap']",10314,101644,1388.625,367.125,3.875,11109.0,2937.0
2LYL90PC,Emil 04,G980VVPJ,NoGraveNoWin,57000000,Europe,"[26000059, 26000050, 26000018, 26000028, 26000044, 26000038, 28000015, 28000016]","['Royal Hogs', 'Royal Ghost', 'Mini P.E.K.K.A', 'Three Musketeers', 'Hunter', 'Ice Golem', 'Barbarian Barrel', 'Heal Spirit']",10342,101644,1166.4285714285713,579.1428571428571,4.142857142857143,8165.0,4054.0
8RLVGGGQY,gatrock,G980VVPJ,NoGraveNoWin,57000000,Europe,"[26000063, 26000055, 26000103, 28000025, 28000008, 28000001, 28000004, 26000064]","['Electro Dragon', 'Mega Knight', 'Boss Bandit', 'Spirit Empress', 'Zap', 'Arrows', 'Goblin Barrel', 'Firecracker']",10258,101644,1361.2,345.8,4.0,6806.0,1729.0
9JY9GUJQ,Trymacs,G980VVPJ,NoGraveNoWin,57000000,Europe,"[26000015, 26000063, 26000035, 28000001, 26000018, 26000009, 28000012, 28000015]","['Baby Dragon', 'Electro Dragon', 'Lumberjack', 'Arrows', 'Mini P.E.K.K.A', 'Golem', 'Tornado', 'Barbarian Barrel']",10242,101644,1654.875,382.875,4.125,13239.0,3063.0
JLV89V2G,合Preshaar™️,G980VVPJ,NoGraveNoWin,57000000,Europe,"[26000015, 26000011, 26000068, 26000018, 26000009, 26000080, 28000026, 27000007]","['Baby Dragon', 'Valkyrie', 'Battle Healer', 'Mini P.E.K.K.A', 'Golem', 'Skeleton Dragons', 'Vines', 'Elixir Collector']",10210,101644,2585.0,386.8,5.2,12925.0,1934.0
28Q8VJ9Q8,EvilDark,LJVGL98P,Soaring Arrow,57000000,Europe,"[26000056, 26000011, 26000030, 26000040, 26000041, 26000028, 28000001, 27000000]","['Skeleton Barrel', 'Valkyrie', 'Ice Spirit', 'Dart Goblin', 'Goblin Gang', 'Three Musketeers', 'Arrows', 'Cannon']",10300,101502,854.125,381.375,3.625,6833.0,3051.0
YPJ20GY2R,Mikaboshi,LJVGL98P,Soaring Arrow,57000000,Europe,"[26000050, 26000045, 26000103, 28000026, 26000051, 28000017, 26000084, 26000027]","['Royal Ghost', 'Executioner', 'Boss Bandit', 'Vines', 'Ram Rider', 'Giant Snowball', 'Electro Spirit', 'Dark Prince']",10285,101502,1157.0,682.4,3.8,5785.0,3412.0
U02V8V9CG,xze,LJVGL98P,Soaring Arrow,57000000,Europe,"[26000064, 27000000, 26000065, 28000011, 26000021, 28000014, 26000030, 26000010]","['Firecracker', 'Cannon', 'Mighty Miner', 'The Log', 'Hog Rider', 'Earthquake', 'Ice Spirit', 'Skeletons']",10240,101502,690.1666666666666,452.8333333333333,2.3333333333333335,4141.0,2717.0
GR8LPCL,isaksoder,LJVGL98P,Soaring Arrow,57000000,Europe,"[26000064, 27000000, 26000065, 26000010, 26000084, 26000021, 28000014, 28000011]","['Firecracker', 'Cannon', 'Mighty Miner', 'Skeletons', 'Electro Spirit', 'Hog Rider', 'Earthquake', 'The Log']",10214,101502,767.2,514.4,2.6,3836.0,2572.0
GCC200JU,D4mon,LJVGL98P,Soaring Arrow,57000000,Europe,"[26000015, 26000011, 26000029, 28000026, 28000000, 26000039, 27000009, 26000006]","['Baby Dragon', 'Valkyrie', 'Lava Hound', 'Vines', 'Fireball', 'Mega Minion', 'Tombstone', 'Balloon']",10211,101502,1946.4285714285713,377.57142857142856,4.285714285714286,13625.0,2643.0
C0LVPJUUQ,Vickelitor,LJVGL98P,Soaring Arrow,57000000,Europe,"[26000050, 26000056, 27000003, 26000026, 26000040, 26000011, 26000021, 28000001]","['Royal Ghost', 'Skeleton Barrel', 'Inferno Tower', 'Princess', 'Dart Goblin', 'Valkyrie', 'Hog Rider', 'Arrows']",10211,101502,1314.25,265.625,3.5,10514.0,2125.0
8YQPU228V,Muhammed 6767,LJVGL98P,Soaring Arrow,57000000,Europe,"[26000035, 26000055, 26000006, 26000004, 26000013, 26000042, 26000045, 28000008]","['Lumberjack', 'Mega Knight', 'Balloon', 'P.E.K.K.A', 'Bomber', 'Electro Wizard', 'Executioner', 'Zap']",10210,101502,2161.875,605.0,4.625,17295.0,4840.0
LLPYR2C9,Montuz 03,LJVGL98P,Soaring Arrow,57000000,Europe,"[26000050, 26000007, 26000018, 26000102, 28000007, 26000101, 26000097, 28000001]","['Royal Ghost', 'Witch', 'Mini P.E.K.K.A', 'Berserker', 'Lightning', 'Rune Giant', 'Suspicious Bush', 'Arrows']",10187,101502,902.8,687.8,4.2,4514.0,3439.0
2Q28LJP29,lanzer,LJVGL98P,Soaring Arrow,57000000,Europe,"[26000055, 26000007, 26000006, 26000035, 27000006, 26000041, 26000014, 28000000]","['Mega Knight', 'Witch', 'Balloon', 'Lumberjack', 'Tesla', 'Goblin Gang', 'Musketeer', 'Fireball']",10181,101502,1761.125,488.125,4.5,14089.0,3905.0
9UR02G2Y8,Melwin,LJVGL98P,Soaring Arrow,57000000,Europe,"[26000056, 27000002, 26000103, 26000018, 26000042, 26000041, 28000000, 28000001]","['Skeleton Barrel', 'Mortar', 'Boss Bandit', 'Mini P.E.K.K.A', 'Electro Wizard', 'Goblin Gang', 'Fireball', 'Arrows']",10180,101502,1001.5714285714286,456.0,3.5714285714285716,7011.0,3192.0
P0R098V9L,adrian,GVP2P2UR,FC Fata,57000000,Europe,"[27000012, 26000015, 28000007, 26000000, 28000015, 26000034, 28000012, 26000085]","['Goblin Cage', 'Baby Dragon', 'Lightning', 'Knight', 'Barbarian Barrel', 'Bowler', 'Tornado', 'Electro Giant']",10526,101281,921.4285714285714,397.0,3.857142857142857,6450.0,2779.0
2Q8UY8CQ8,DAGY2A,GVP2P2UR,FC Fata,57000000,Europe,"[26000007, 28000017, 26000018, 26000003, 28000010, 26000034, 28000026, 26000005]","['Witch', 'Giant Snowball', 'Mini P.E.K.K.A', 'Giant', 'Graveyard', 'Bowler', 'Vines', 'Minions']",10323,101281,1652.5714285714287,630.1428571428571,4.142857142857143,11568.0,4411.0
LYVV9PLYU,⚡️Prime Wyze⚡️,GVP2P2UR,FC Fata,57000000,Europe,"[26000015, 26000011, 26000018, 26000009, 26000068, 28000026, 26000052, 27000007]","['Baby Dragon', 'Valkyrie', 'Mini P.E.K.K.A', 'Golem', 'Battle Healer', 'Vines', 'Zappies', 'Elixir Collector']",10321,101281,2271.1666666666665,378.3333333333333,5.0,13627.0,2270.0
LJRRQQQPR,<c5>WA<c2>ZIX,GVP2P2UR,FC Fata,57000000,Europe,"[26000047, 26000045, 26000074, 28000015, 27000012, 26000059, 26000057, 28000001]","['Royal Recruits', 'Executioner', 'Golden Knight', 'Barbarian Barrel', 'Goblin Cage', 'Royal Hogs', 'Flying Machine', 'Arrows']",10240,101281,538.7142857142857,398.7142857142857,4.285714285714286,3771.0,2791.0
P0RPGQUUV,SkYoTiX,GVP2P2UR,FC Fata,57000000,Europe,"[27000006, 28000004, 26000041, 26000040, 26000030, 28000011, 26000056, 26000011]","['Tesla', 'Goblin Barrel', 'Goblin Gang', 'Dart Goblin', 'Ice Spirit', 'The Log', 'Skeleton Barrel', 'Valkyrie']",10210,101281,810.5,336.75,2.875,6484.0,2694.0
UG9Q0VGU0,Fata,GVP2P2UR,FC Fata,57000000,Europe,"[26000011, 26000012, 28000004, 28000001, 26000032, 26000026, 27000003, 26000022]","['Valkyrie', 'Skeleton Army', 'Goblin Barrel', 'Arrows', 'Miner', 'Princess', 'Inferno Tower', 'Minion Horde']",10181,101281,948.0,523.25,3.625,7584.0,4186.0
YVUQC9Y,Trazz,GVP2P2UR,FC Fata,57000000,Europe,"[26000010, 26000014, 26000032, 28000017, 28000015, 26000038, 26000006, 27000004]","['Skeletons', 'Musketeer', 'Miner', 'Giant Snowball', 'Barbarian Barrel', 'Ice Golem', 'Balloon', 'Bomb Tower']",10148,101281,1034.25,387.25,2.875,8274.0,3098.0
20800VP8Y,zian,GVP2P2UR,FC Fata,57000000,Europe,"[26000062, 26000058, 26000065, 28000011, 26000032, 27000004, 26000019, 28000012]","['Magic Archer', 'Wall Breakers', 'Mighty Miner', 'The Log', 'Miner', 'Bomb Tower', 'Spear Goblins', 'Tornado']",10119,101281,685.1428571428571,419.42857142857144,2.857142857142857,4796.0,2936.0
CQLRRQVCP,Kreo,GVP2P2UR,FC Fata,57000000,Europe,"[26000059, 26000064, 26000011, 28000017, 26000012, 26000049, 27000003, 28000000]","['Royal Hogs', 'Firecracker', 'Valkyrie', 'Giant Snowball', 'Skeleton Army', 'Bats', 'Inferno Tower', 'Fireball']",10102,101281,1028.142857142857,500.0,3.5714285714285716,7197.0,3500.0
UR9CY9GJU,Torch_hvk bää,GVP2P2UR,FC Fata,57000000,Europe,"[26000004, 26000063, 26000061, 28000012, 26000025, 26000051, 28000001, 26000013]","['P.E.K.K.A', 'Electro Dragon', 'Fisherman', 'Tornado', 'Guards', 'Ram Rider', 'Arrows', 'Bomber']",10094,101281,1351.625,391.625,4.0,10813.0,3133.0
Y0V2RUJPY,noah,GL2Q2PRC,The Gamers,57000000,Europe,"[28000017, 27000000, 27000013, 28000009, 26000031, 26000000, 26000010, 26000013]","['Giant Snowball', 'Cannon', 'Goblin Drill', 'Poison', 'Fire Spirit', 'Knight', 'Skeletons', 'Bomber']",10415,101267,850.1666666666666,313.5,2.6666666666666665,5101.0,1881.0
G2YG9YRC2,Manuelッ,GL2Q2PRC,The Gamers,57000000,Europe,"[27000010, 26000064, 26000018, 26000041, 26000048, 28000001, 28000002, 26000067]","['Furnace', 'Firecracker', 'Mini P.E.K.K.A', 'Goblin Gang', 'Night Witch', 'Arrows', 'Rage', 'Elixir Golem']",10268,101267,805.1428571428571,398.57142857142856,3.2857142857142856,5636.0,2790.0
CJG2YUU92,<c3>VeryGlucosh,GL2Q2PRC,The Gamers,57000000,Europe,"[26000012, 26000056, 26000040, 26000011, 26000030, 26000010, 26000058, 28000011]","['Skeleton Army', 'Skeleton Barrel', 'Dart Goblin', 'Valkyrie', 'Ice Spirit', 'Skeletons', 'Wall Breakers', 'The Log']",10241,101267,620.25,554.875,2.375,4962.0,4439.0
2CVR9U9LP,kosir,GL2Q2PRC,The Gamers,57000000,Europe,"[26000055, 26000056, 26000037, 26000041, 26000019, 26000032, 26000049, 28000008]","['Mega Knight', 'Skeleton Barrel', 'Inferno Dragon', 'Goblin Gang', 'Spear Goblins', 'Miner', 'Bats', 'Zap']",10180,101267,1284.625,330.75,3.25,10277.0,2646.0
GUCJQPG8G,DaddyDavid97,GL2Q2PRC,The Gamers,57000000,Europe,"[26000064, 26000011, 27000006, 28000011, 26000021, 26000031, 26000010, 28000007]","['Firecracker', 'Valkyrie', 'Tesla', 'The Log', 'Hog Rider', 'Fire Spirit', 'Skeletons', 'Lightning']",10180,101267,1087.0,531.1666666666666,3.5,6522.0,3187.0
P0RVJVY2,UerilJN,GL2Q2PRC,The Gamers,57000000,Europe,"[26000004, 26000060, 26000096, 26000042, 26000013, 28000026, 28000024, 28000002]","['P.E.K.K.A', 'Goblin Giant', 'Goblin Machine', 'Electro Wizard', 'Bomber', 'Vines', 'Goblin Curse', 'Rage']",10177,101267,2146.6,410.8,4.4,10733.0,2054.0
9PRPPQYU,Ian,GL2Q2PRC,The Gamers,57000000,Europe,"[26000037, 26000035, 26000009, 26000033, 26000005, 28000026, 28000012, 26000042]","['Inferno Dragon', 'Lumberjack', 'Golem', 'Sparky', 'Minions', 'Vines', 'Tornado', 'Electro Wizard']",10172,101267,1908.7142857142858,496.7142857142857,4.571428571428571,13361.0,3477.0
UY9GYJUY0,BBC,GL2Q2PRC,The Gamers,57000000,Europe,"[26000064, 26000021, 26000000, 26000030, 27000006, 26000010, 28000014, 28000011]","['Firecracker', 'Hog Rider', 'Knight', 'Ice Spirit', 'Tesla', 'Skeletons', 'Earthquake', 'The Log']",10150,101267,955.7142857142857,431.7142857142857,2.5714285714285716,6690.0,3022.0
J0UC8Q0PR,EL KARMA,GL2Q2PRC,The Gamers,57000000,Europe,"[26000040, 26000007, 26000021, 26000084, 27000009, 28000015, 26000102, 28000007]","['Dart Goblin', 'Witch', 'Hog Rider', 'Electro Spirit', 'Tombstone', 'Barbarian Barrel', 'Berserker', 'Lightning']",10121,101267,617.1666666666666,437.8333333333333,3.8333333333333335,3703.0,2627.0
20PYLRQLR9,koukoulas,GL2Q2PRC,The Gamers,57000000,Europe,"[26000010, 26000055, 26000041, 28000004, 26000018, 28000001, 27000003, 26000000]","['Skeletons', 'Mega Knight', 'Goblin Gang', 'Goblin Barrel', 'Mini P.E.K.K.A', 'Arrows', 'Inferno Tower', 'Knight']",10121,101267,1546.375,439.5,3.625,12371.0,3516.0
PL88CUCR,Cédric,QLCPU0JU,joblife,57000000,Europe,"[27000002, 26000050, 26000032, 26000054, 26000041, 26000005, 26000053, 28000001]","['Mortar', 'Royal Ghost', 'Miner', 'Cannon Cart', 'Goblin Gang', 'Minions', 'Rascals', 'Arrows']",10499,101226,877.5,452.75,3.625,7020.0,3622.0
QRPRY82Q,⚽️pins63⚽️,QLCPU0JU,joblife,57000000,Europe,"[26000012, 26000024, 26000069, 28000011, 26000052, 28000000, 26000083, 26000061]","['Skeleton Army', 'Royal Giant', 'Skeleton King', 'The Log', 'Zappies', 'Fireball', 'Mother Witch', 'Fisherman']",10327,101226,1178.5,553.6666666666666,3.6666666666666665,7071.0,3322.0
8U2CG0UU,labappance,QLCPU0JU,joblife,57000000,Europe,"[26000064, 27000000, 26000065, 26000084, 26000010, 26000021, 28000015, 28000014]","['Firecracker', 'Cannon', 'Mighty Miner', 'Electro Spirit', 'Skeletons', 'Hog Rider', 'Barbarian Barrel', 'Earthquake']",10325,101226,767.2,496.8,2.6,3836.0,2484.0
8P0CUG8R0,✨✨✨✨✨✨✨✨✨✨✨✨✨✨✨,QLCPU0JU,joblife,57000000,Europe,"[26000064, 26000055, 26000021, 26000022, 28000026, 26000030, 26000011, 28000011]","['Firecracker', 'Mega Knight', 'Hog Rider', 'Minion Horde', 'Vines', 'Ice Spirit', 'Valkyrie', 'The Log']",10298,101226,1796.5,411.5,3.8333333333333335,10779.0,2469.0
2GLQ8GYUU,Mini_Black,QLCPU0JU,joblife,57000000,Europe,"[28000017, 26000045, 26000103, 26000018, 28000026, 28000015, 26000013, 26000051]","['Giant Snowball', 'Executioner', 'Boss Bandit', 'Mini P.E.K.K.A', 'Vines', 'Barbarian Barrel', 'Bomber', 'Ram Rider']",10240,101226,1051.3333333333333,518.0,3.5,6308.0,3108.0
8QQJLYQV0,JL TOTO,QLCPU0JU,joblife,57000000,Europe,"[26000050, 26000045, 26000074, 28000017, 28000001, 26000018, 26000021, 27000006]","['Royal Ghost', 'Executioner', 'Golden Knight', 'Giant Snowball', 'Arrows', 'Mini P.E.K.K.A', 'Hog Rider', 'Tesla']",10210,101226,1243.857142857143,498.14285714285717,3.5714285714285716,8707.0,3487.0
JYU2URVG,keziix,QLCPU0JU,joblife,57000000,Europe,"[27000006, 26000050, 26000000, 26000010, 26000058, 28000009, 26000005, 26000032]","['Tesla', 'Royal Ghost', 'Knight', 'Skeletons', 'Wall Breakers', 'Poison', 'Minions', 'Miner']",10209,101226,1093.25,439.25,2.875,8746.0,3514.0
RJV2Q2GV9,JL Vitsco,QLCPU0JU,joblife,57000000,Europe,"[28000008, 26000021, 26000026, 28000000, 27000003, 26000016, 26000005, 26000041]","['Zap', 'Hog Rider', 'Princess', 'Fireball', 'Inferno Tower', 'Prince', 'Minions', 'Goblin Gang']",10180,101226,1136.0,361.5,3.625,9088.0,2892.0
LJPLL0UQP,JL_WoO,QLCPU0JU,joblife,57000000,Europe,"[26000017, 26000011, 28000012, 26000012, 28000000, 28000004, 26000051, 26000018]","['Wizard', 'Valkyrie', 'Tornado', 'Skeleton Army', 'Fireball', 'Goblin Barrel', 'Ram Rider', 'Mini P.E.K.K.A']",10179,101226,1128.125,584.0,3.875,9025.0,4672.0
R0RCR8RG0,James,QLCPU0JU,joblife,57000000,Europe,"[26000055, 26000064, 26000011, 26000012, 28000001, 28000012, 26000007, 27000003]","['Mega Knight', 'Firecracker', 'Valkyrie', 'Skeleton Army', 'Arrows', 'Tornado', 'Witch', 'Inferno Tower']",10122,101226,1636.7142857142858,478.42857142857144,4.285714285714286,11457.0,3349.0
L2CJPVUV,Crow,G0LVRGQG,TOGURTS,57000001,North America,"[26000017, 28000008, 26000103, 26000005, 26000033, 26000003, 26000018, 28000026]","['Wizard', 'Zap', 'Boss Bandit', 'Minions', 'Sparky', 'Giant', 'Mini P.E.K.K.A', 'Vines']",10621,102075,1702.1666666666667,680.1666666666666,4.166666666666667,10213.0,4081.0
R2CVG09Y,Jelle,G0LVRGQG,TOGURTS,57000001,North America,"[28000004, 27000006, 26000000, 26000041, 26000030, 28000011, 26000026, 28000003]","['Goblin Barrel', 'Tesla', 'Knight', 'Goblin Gang', 'Ice Spirit', 'The Log', 'Princess', 'Rocket']",10647,102075,629.5,557.75,3.125,5036.0,4462.0
PL2RRQU9C,Levontren✨,G0LVRGQG,TOGURTS,57000001,North America,"[26000045, 28000017, 26000103, 26000018, 28000026, 26000051, 26000025, 28000015]","['Executioner', 'Giant Snowball', 'Boss Bandit', 'Mini P.E.K.K.A', 'Vines', 'Ram Rider', 'Guards', 'Barbarian Barrel']",10594,102075,998.1666666666666,469.8333333333333,3.5,5989.0,2819.0
PQPQCC20C,ダウ部ＪＲ,G0LVRGQG,TOGURTS,57000001,North America,"[26000055, 26000058, 26000072, 26000016, 28000001, 26000041, 26000046, 28000008]","['Mega Knight', 'Wall Breakers', 'Archer Queen', 'Prince', 'Arrows', 'Goblin Gang', 'Bandit', 'Zap']",10586,102075,1411.0,534.5714285714286,3.5714285714285716,9877.0,3742.0
YQYLUQ0C,Mendez,G0LVRGQG,TOGURTS,57000001,North America,"[26000045, 26000015, 26000074, 26000018, 26000009, 28000026, 26000052, 28000015]","['Executioner', 'Baby Dragon', 'Golden Knight', 'Mini P.E.K.K.A', 'Golem', 'Vines', 'Zappies', 'Barbarian Barrel']",10554,102075,2086.0,505.0,4.5,12516.0,3030.0
82R9U029,natural light,G0LVRGQG,TOGURTS,57000001,North America,"[26000050, 26000015, 26000074, 26000018, 26000052, 26000009, 28000026, 28000015]","['Royal Ghost', 'Baby Dragon', 'Golden Knight', 'Mini P.E.K.K.A', 'Zappies', 'Golem', 'Vines', 'Barbarian Barrel']",10434,102075,2097.6666666666665,426.1666666666667,4.166666666666667,12586.0,2557.0
CV9VGJ9JR,GEEKBAR,G0LVRGQG,TOGURTS,57000001,North America,"[26000010, 26000064, 26000018, 26000030, 26000021, 28000011, 28000014, 26000038]","['Skeletons', 'Firecracker', 'Mini P.E.K.K.A', 'Ice Spirit', 'Hog Rider', 'The Log', 'Earthquake', 'Ice Golem']",10268,102075,906.5714285714286,502.42857142857144,2.4285714285714284,6346.0,3517.0
8C98J9U8G,ベビードラゴン,G0LVRGQG,TOGURTS,57000001,North America,"[28000008, 26000049, 26000018, 26000032, 26000003, 26000062, 26000010, 28000011]","['Zap', 'Bats', 'Mini P.E.K.K.A', 'Miner', 'Giant', 'Magic Archer', 'Skeletons', 'The Log']",10240,102075,1204.125,403.375,2.875,9633.0,3227.0
LUU29PJRL,HUN ZaZa 용암,G0LVRGQG,TOGURTS,57000001,North America,"[26000011, 26000012, 28000026, 28000000, 26000029, 26000005, 28000025, 27000009]","['Valkyrie', 'Skeleton Army', 'Vines', 'Fireball', 'Lava Hound', 'Minions', 'Spirit Empress', 'Tombstone']",10209,102075,1501.1666666666667,461.8333333333333,4.0,9007.0,2771.0
2VLJVRY8,espn.hurt,G0LVRGQG,TOGURTS,57000001,North America,"[26000050, 26000015, 26000018, 26000009, 28000007, 26000005, 26000052, 28000015]","['Royal Ghost', 'Baby Dragon', 'Mini P.E.K.K.A', 'Golem', 'Lightning', 'Minions', 'Zappies', 'Barbarian Barrel']",10204,102075,1611.375,545.125,4.25,12891.0,4361.0
PUL08P9PJ,The Huntsman,JRP990U,#1 Royal Kings,57000001,North America,"[26000024, 26000044, 26000069, 26000061, 26000052, 26000041, 28000007, 28000001]","['Royal Giant', 'Hunter', 'Skeleton King', 'Fisherman', 'Zappies', 'Goblin Gang', 'Lightning', 'Arrows']",10364,101704,1077.7142857142858,657.4285714285714,4.142857142857143,7544.0,4602.0
8UCL2Y2U8,Agent 005,JRP990U,#1 Royal Kings,57000001,North America,"[26000058, 26000012, 26000069, 27000013, 26000040, 28000011, 27000003, 28000000]","['Wall Breakers', 'Skeleton Army', 'Skeleton King', 'Goblin Drill', 'Dart Goblin', 'The Log', 'Inferno Tower', 'Fireball']",10362,101704,687.0,636.0,3.1666666666666665,4122.0,3816.0
2CLC8UPJ,TheOskosOne_,JRP990U,#1 Royal Kings,57000001,North America,"[27000012, 26000011, 26000029, 26000006, 28000000, 28000008, 26000080, 26000005]","['Goblin Cage', 'Valkyrie', 'Lava Hound', 'Balloon', 'Fireball', 'Zap', 'Skeleton Dragons', 'Minions']",10356,101704,1589.2857142857142,382.42857142857144,4.142857142857143,11125.0,2677.0
82UL989L,HUNTER 123,JRP990U,#1 Royal Kings,57000001,North America,"[26000012, 26000014, 26000023, 26000026, 26000038, 26000021, 27000003, 28000011]","['Skeleton Army', 'Musketeer', 'Ice Wizard', 'Princess', 'Ice Golem', 'Hog Rider', 'Inferno Tower', 'The Log']",10297,101704,1063.125,403.25,3.25,8505.0,3226.0
8V9RUJR0V,AhmedXD,JRP990U,#1 Royal Kings,57000001,North America,"[27000000, 26000064, 26000065, 26000010, 28000014, 26000021, 26000030, 28000011]","['Cannon', 'Firecracker', 'Mighty Miner', 'Skeletons', 'Earthquake', 'Hog Rider', 'Ice Spirit', 'The Log']",10260,101704,690.1666666666666,452.8333333333333,2.3333333333333335,4141.0,2717.0
Y2CLQQJJ8,<c4>Blue,JRP990U,#1 Royal Kings,57000001,North America,"[26000059, 27000012, 26000057, 26000052, 26000047, 28000000, 28000001, 28000015]","['Royal Hogs', 'Goblin Cage', 'Flying Machine', 'Zappies', 'Royal Recruits', 'Fireball', 'Arrows', 'Barbarian Barrel']",10247,101704,482.0,328.625,4.125,3856.0,2629.0
98RR9GQJG,Mando,JRP990U,#1 Royal Kings,57000001,North America,"[26000056, 28000004, 26000000, 26000041, 28000011, 27000000, 26000040, 26000030]","['Skeleton Barrel', 'Goblin Barrel', 'Knight', 'Goblin Gang', 'The Log', 'Cannon', 'Dart Goblin', 'Ice Spirit']",10235,101704,714.25,321.125,2.625,5714.0,2569.0
YQ8RVYCGG,RedWiz,JRP990U,#1 Royal Kings,57000001,North America,"[26000001, 27000006, 26000000, 27000008, 26000010, 26000084, 28000011, 28000000]","['Archers', 'Tesla', 'Knight', 'X-Bow', 'Skeletons', 'Electro Spirit', 'The Log', 'Fireball']",10196,101704,1051.857142857143,275.14285714285717,3.2857142857142856,7363.0,1926.0
PYGVQVUY2,I Hate CR,JRP990U,#1 Royal Kings,57000001,North America,"[26000024, 26000050, 26000018, 26000084, 26000061, 26000010, 28000000, 28000015]","['Royal Giant', 'Royal Ghost', 'Mini P.E.K.K.A', 'Electro Spirit', 'Fisherman', 'Skeletons', 'Fireball', 'Barbarian Barrel']",10180,101704,1396.142857142857,414.57142857142856,3.2857142857142856,9773.0,2902.0
8LQ0V9VQ,thunder,JRP990U,#1 Royal Kings,57000001,North America,"[26000000, 28000004, 26000041, 26000084, 26000026, 28000011, 27000003, 28000003]","['Knight', 'Goblin Barrel', 'Goblin Gang', 'Electro Spirit', 'Princess', 'The Log', 'Inferno Tower', 'Rocket']",10173,101704,789.1428571428571,581.1428571428571,3.5714285714285716,5524.0,4068.0
2RYCJCP9G,치맥 - Hippi,GLCGGGC2,Christ Royale,57000001,North America,"[26000058, 28000004, 27000000, 26000040, 26000011, 26000102, 26000030, 28000003]","['Wall Breakers', 'Goblin Barrel', 'Cannon', 'Dart Goblin', 'Valkyrie', 'Berserker', 'Ice Spirit', 'Rocket']",10418,101701,740.2857142857143,663.7142857142857,3.142857142857143,5182.0,4646.0
QR8J928Q,Vinnyせいじ,GLCGGGC2,Christ Royale,57000001,North America,"[26000010, 26000014, 28000017, 28000015, 26000038, 26000032, 27000004, 26000006]","['Skeletons', 'Musketeer', 'Giant Snowball', 'Barbarian Barrel', 'Ice Golem', 'Miner', 'Bomb Tower', 'Balloon']",10384,101701,1034.25,387.25,2.875,8274.0,3098.0
LGP2VP0V,Ryan CR,GLCGGGC2,Christ Royale,57000001,North America,"[26000024, 26000050, 26000061, 26000044, 28000015, 26000084, 28000000, 26000010]","['Royal Giant', 'Royal Ghost', 'Fisherman', 'Hunter', 'Barbarian Barrel', 'Electro Spirit', 'Fireball', 'Skeletons']",10298,101701,1297.0,438.57142857142856,3.2857142857142856,9079.0,3070.0
LLGCG0JLY,I hate CR,GLCGGGC2,Christ Royale,57000001,North America,"[26000015, 26000011, 26000018, 26000014, 27000007, 26000068, 28000026, 26000009]","['Baby Dragon', 'Valkyrie', 'Mini P.E.K.K.A', 'Musketeer', 'Elixir Collector', 'Battle Healer', 'Vines', 'Golem']",10296,101701,2313.3333333333335,370.5,5.0,13880.0,2223.0
P908V2G8R,Zufi,GLCGGGC2,Christ Royale,57000001,North America,"[26000010, 26000030, 26000072, 26000018, 27000008, 27000007, 28000011, 26000031]","['Skeletons', 'Ice Spirit', 'Archer Queen', 'Mini P.E.K.K.A', 'X-Bow', 'Elixir Collector', 'The Log', 'Fire Spirit']",10270,101701,736.8333333333334,308.3333333333333,3.3333333333333335,4421.0,1850.0
2LU2GCPU0,Dank Prince,GLCGGGC2,Christ Royale,57000001,North America,"[26000056, 26000058, 26000026, 26000016, 26000053, 26000040, 26000041, 28000011]","['Skeleton Barrel', 'Wall Breakers', 'Princess', 'Prince', 'Rascals', 'Dart Goblin', 'Goblin Gang', 'The Log']",10238,101701,638.0,429.0,3.25,5104.0,3432.0
2LVYY0R9P,shark02,GLCGGGC2,Christ Royale,57000001,North America,"[26000050, 26000007, 26000018, 28000015, 28000026, 26000009, 27000007, 26000005]","['Royal Ghost', 'Witch', 'Mini P.E.K.K.A', 'Barbarian Barrel', 'Vines', 'Golem', 'Elixir Collector', 'Minions']",10237,101701,1657.5714285714287,395.0,4.428571428571429,11603.0,2765.0
PQP2PYJ8L,❤️Vacc❤️,GLCGGGC2,Christ Royale,57000001,North America,"[26000064, 26000000, 27000006, 26000021, 28000014, 28000011, 26000084, 26000010]","['Firecracker', 'Knight', 'Tesla', 'Hog Rider', 'Earthquake', 'The Log', 'Electro Spirit', 'Skeletons']",10235,101701,1064.1666666666667,479.5,2.8333333333333335,6385.0,2877.0
9RUJVU0RL,KingElijah,GLCGGGC2,Christ Royale,57000001,North America,"[26000011, 26000015, 26000018, 28000026, 26000009, 26000025, 26000052, 28000015]","['Valkyrie', 'Baby Dragon', 'Mini P.E.K.K.A', 'Vines', 'Golem', 'Guards', 'Zappies', 'Barbarian Barrel']",10209,101701,1992.142857142857,387.14285714285717,4.142857142857143,13945.0,2710.0
PUP9UQPVP,Elixir Whale CR,GLCGGGC2,Christ Royale,57000001,North America,"[26000059, 26000047, 26000018, 28000001, 26000052, 28000015, 26000057, 27000012]","['Royal Hogs', 'Royal Recruits', 'Mini P.E.K.K.A', 'Arrows', 'Zappies', 'Barbarian Barrel', 'Flying Machine', 'Goblin Cage']",10205,101701,593.375,408.0,4.125,4747.0,3264.0
UR2LRJ2C0,H_C,QQCLVYC9,fellas™️,57000001,North America,"[26000012, 28000008, 26000018, 26000003, 26000033, 26000022, 28000001, 26000049]","['Skeleton Army', 'Zap', 'Mini P.E.K.K.A', 'Giant', 'Sparky', 'Minion Horde', 'Arrows', 'Bats']",10477,101449,1184.25,833.125,3.75,9474.0,6665.0
CR0C9RJVP,spring bunny,QQCLVYC9,fellas™️,57000001,North America,"[26000056, 26000037, 28000026, 26000041, 26000032, 26000055, 28000008, 26000005]","['Skeleton Barrel', 'Inferno Dragon', 'Vines', 'Goblin Gang', 'Miner', 'Mega Knight', 'Zap', 'Minions']",10261,101449,1471.142857142857,312.42857142857144,3.5714285714285716,10298.0,2187.0
RQPVG28GR,Nico✨,QQCLVYC9,fellas™️,57000001,North America,"[26000024, 26000007, 26000077, 26000061, 28000000, 28000015, 26000084, 26000010]","['Royal Giant', 'Witch', 'Monk', 'Fisherman', 'Fireball', 'Barbarian Barrel', 'Electro Spirit', 'Skeletons']",10245,101449,1246.5,325.5,3.5,7479.0,1953.0
2888Q89UQ,pokedex142,QQCLVYC9,fellas™️,57000001,North America,"[26000011, 26000004, 28000001, 26000021, 26000042, 28000000, 28000011, 26000007]","['Valkyrie', 'P.E.K.K.A', 'Arrows', 'Hog Rider', 'Electro Wizard', 'Fireball', 'The Log', 'Witch']",10241,101449,1604.75,450.875,4.125,12838.0,3607.0
G8QVPU8GV,reimarquitos,QQCLVYC9,fellas™️,57000001,North America,"[26000007, 26000012, 26000072, 28000011, 26000059, 28000006, 28000018, 26000010]","['Witch', 'Skeleton Army', 'Archer Queen', 'The Log', 'Royal Hogs', 'Mirror', 'Royal Delivery', 'Skeletons']",10240,101449,,,2.6666666666666665,,
PLJ9GQGPY,KZ,QQCLVYC9,fellas™️,57000001,North America,"[28000008, 26000055, 26000001, 26000052, 28000003, 26000018, 28000006, 26000033]","['Zap', 'Mega Knight', 'Archers', 'Zappies', 'Rocket', 'Mini P.E.K.K.A', 'Mirror', 'Sparky']",10222,101449,,,4.0,,
2LUPYRQQJ,Nica_XD,QQCLVYC9,fellas™️,57000001,North America,"[26000001, 27000006, 26000000, 26000010, 28000000, 28000011, 27000008, 26000084]","['Archers', 'Tesla', 'Knight', 'Skeletons', 'Fireball', 'The Log', 'X-Bow', 'Electro Spirit']",10179,101449,1051.857142857143,275.14285714285717,3.2857142857142856,7363.0,1926.0
2RJ9JVGGC,皇家创世纪✨teRmiッ,QQCLVYC9,fellas™️,57000001,North America,"[26000036, 26000050, 28000001, 26000042, 26000046, 28000008, 26000005, 26000004]","['Battle Ram', 'Royal Ghost', 'Arrows', 'Electro Wizard', 'Bandit', 'Zap', 'Minions', 'P.E.K.K.A']",10152,101449,1279.875,423.5,3.625,10239.0,3388.0
UUYQ02009,Apollo,QQCLVYC9,fellas™️,57000001,North America,"[26000047, 27000012, 26000074, 28000015, 26000057, 26000059, 28000001, 26000052]","['Royal Recruits', 'Goblin Cage', 'Golden Knight', 'Barbarian Barrel', 'Flying Machine', 'Royal Hogs', 'Arrows', 'Zappies']",10150,101449,420.42857142857144,329.85714285714283,4.142857142857143,2943.0,2309.0
8L9J0PRVC,Xandr,QQCLVYC9,fellas™️,57000001,North America,"[26000055, 26000056, 26000065, 26000064, 26000097, 26000050, 26000025, 26000040]","['Mega Knight', 'Skeleton Barrel', 'Mighty Miner', 'Firecracker', 'Suspicious Bush', 'Royal Ghost', 'Guards', 'Dart Goblin']",10150,101449,1712.0,236.0,3.8,8560.0,1180.0
9G9RQJ9GQ,retgi,802J2L9R,Paladins,57000001,North America,"[26000037, 27000000, 28000015, 26000074, 26000013, 26000085, 28000007, 28000012]","['Inferno Dragon', 'Cannon', 'Barbarian Barrel', 'Golden Knight', 'Bomber', 'Electro Giant', 'Lightning', 'Tornado']",10530,101383,589.1666666666666,444.5,3.5,3535.0,2667.0
GV0R0P9,Goxy,802J2L9R,Paladins,57000001,North America,"[26000012, 27000012, 26000103, 26000072, 28000011, 26000021, 28000001, 26000026]","['Skeleton Army', 'Goblin Cage', 'Boss Bandit', 'Archer Queen', 'The Log', 'Hog Rider', 'Arrows', 'Princess']",10290,101383,450.1666666666667,506.3333333333333,3.1666666666666665,2701.0,3038.0
UGYPQQ,liongate,802J2L9R,Paladins,57000001,North America,"[26000047, 27000012, 28000001, 26000057, 26000052, 28000015, 26000059, 28000000]","['Royal Recruits', 'Goblin Cage', 'Arrows', 'Flying Machine', 'Zappies', 'Barbarian Barrel', 'Royal Hogs', 'Fireball']",10262,101383,482.0,328.625,4.125,3856.0,2629.0
YUQCR0YY,AmatsuMikaboshi,802J2L9R,Paladins,57000001,North America,"[26000055, 26000035, 26000002, 28000008, 26000049, 26000021, 26000023, 26000041]","['Mega Knight', 'Lumberjack', 'Goblins', 'Zap', 'Bats', 'Hog Rider', 'Ice Wizard', 'Goblin Gang']",10245,101383,1365.875,397.5,3.375,10927.0,3180.0
P8LRVGP,Advantage,802J2L9R,Paladins,57000001,North America,"[26000015, 26000011, 26000018, 26000009, 26000068, 28000026, 26000052, 27000007]","['Baby Dragon', 'Valkyrie', 'Mini P.E.K.K.A', 'Golem', 'Battle Healer', 'Vines', 'Zappies', 'Elixir Collector']",10240,101383,2271.1666666666665,378.3333333333333,5.0,13627.0,2270.0
V0G0C8LR0,Freakin2awesome,802J2L9R,Paladins,57000001,North America,"[26000007, 26000011, 26000064, 26000095, 26000041, 26000067, 27000010, 28000001]","['Witch', 'Valkyrie', 'Firecracker', 'Goblin Demolisher', 'Goblin Gang', 'Elixir Golem', 'Furnace', 'Arrows']",10209,101383,1063.8333333333333,354.0,3.6666666666666665,6383.0,2124.0
LRCG2RLUL,craig,802J2L9R,Paladins,57000001,North America,"[26000056, 26000012, 26000058, 26000064, 26000047, 28000001, 28000003, 26000011]","['Skeleton Barrel', 'Skeleton Army', 'Wall Breakers', 'Firecracker', 'Royal Recruits', 'Arrows', 'Rocket', 'Valkyrie']",10182,101383,646.0,926.7142857142857,4.0,4522.0,6487.0
9VU2YLP29,tact,802J2L9R,Paladins,57000001,North America,"[26000024, 26000010, 26000018, 26000072, 26000084, 28000015, 26000061, 28000007]","['Royal Giant', 'Skeletons', 'Mini P.E.K.K.A', 'Archer Queen', 'Electro Spirit', 'Barbarian Barrel', 'Fisherman', 'Lightning']",10147,101383,1210.0,606.0,3.6666666666666665,7260.0,3636.0
8JVUCQYVC,pescador,802J2L9R,Paladins,57000001,North America,"[26000060, 27000010, 26000041, 26000000, 26000033, 26000011, 28000008, 26000040]","['Goblin Giant', 'Furnace', 'Goblin Gang', 'Knight', 'Sparky', 'Valkyrie', 'Zap', 'Dart Goblin']",10120,101383,1458.75,465.125,3.875,11670.0,3721.0
J920YYVJ9,Rahul,802J2L9R,Paladins,57000001,North America,"[26000047, 28000004, 26000099, 27000000, 28000001, 26000040, 26000041, 26000054]","['Royal Recruits', 'Goblin Barrel', 'Goblinstein', 'Cannon', 'Arrows', 'Dart Goblin', 'Goblin Gang', 'Cannon Cart']",10117,101383,526.0,553.2857142857143,3.857142857142857,3682.0,3873.0
LRYQUGPU,Pekaratchi,G0UYRURV,Ascend Log™️,57000002,South America,"[26000059, 26000050, 28000007, 26000023, 27000001, 26000010, 26000084, 28000015]","['Royal Hogs', 'Royal Ghost', 'Lightning', 'Ice Wizard', 'Goblin Hut', 'Skeletons', 'Electro Spirit', 'Barbarian Barrel']",10671,101186,537.2857142857143,405.7142857142857,3.5714285714285716,3761.0,2840.0
GG9CRQQVP,mahmoud,G0UYRURV,Ascend Log™️,57000002,South America,"[26000058, 26000056, 26000065, 26000102, 26000040, 26000041, 26000097, 28000011]","['Wall Breakers', 'Skeleton Barrel', 'Mighty Miner', 'Berserker', 'Dart Goblin', 'Goblin Gang', 'Suspicious Bush', 'The Log']",10557,101186,436.8,537.8,2.6,2184.0,2689.0
82G9PCPU,Johnny,G0UYRURV,Ascend Log™️,57000002,South America,"[26000044, 26000059, 26000028, 26000010, 28000026, 26000084, 26000102, 28000015]","['Hunter', 'Royal Hogs', 'Three Musketeers', 'Skeletons', 'Vines', 'Electro Spirit', 'Berserker', 'Barbarian Barrel']",10532,101186,656.4,593.2,4.2,3282.0,2966.0
PURP9LPU,paid in full,G0UYRURV,Ascend Log™️,57000002,South America,"[28000008, 26000050, 26000018, 26000074, 27000007, 26000028, 26000038, 26000005]","['Zap', 'Royal Ghost', 'Mini P.E.K.K.A', 'Golden Knight', 'Elixir Collector', 'Three Musketeers', 'Ice Golem', 'Minions']",10403,101186,893.0,419.7142857142857,4.142857142857143,6251.0,2938.0
Y0829CY,Andy_Goat,G0UYRURV,Ascend Log™️,57000002,South America,"[26000015, 26000011, 26000018, 28000026, 26000005, 26000052, 28000015, 26000009]","['Baby Dragon', 'Valkyrie', 'Mini P.E.K.K.A', 'Vines', 'Minions', 'Zappies', 'Barbarian Barrel', 'Golem']",10287,101186,1990.2857142857142,424.42857142857144,4.142857142857143,13932.0,2971.0
9QPCJPRC8,꧁༺₦Ї₦ℑ₳༻꧂,G0UYRURV,Ascend Log™️,57000002,South America,"[26000007, 26000011, 26000018, 26000023, 28000026, 27000009, 28000010, 28000009]","['Witch', 'Valkyrie', 'Mini P.E.K.K.A', 'Ice Wizard', 'Vines', 'Tombstone', 'Graveyard', 'Poison']",10269,101186,1147.857142857143,549.1428571428571,4.0,8035.0,3844.0
L09YJ88QU,SlimReapZzz,G0UYRURV,Ascend Log™️,57000002,South America,"[26000024, 26000044, 26000077, 26000061, 26000010, 28000015, 26000084, 28000000]","['Royal Giant', 'Hunter', 'Monk', 'Fisherman', 'Skeletons', 'Barbarian Barrel', 'Electro Spirit', 'Fireball']",10267,101186,1246.5,454.1666666666667,3.3333333333333335,7479.0,2725.0
88JL0JVC,Gage,G0UYRURV,Ascend Log™️,57000002,South America,"[26000012, 26000037, 26000069, 26000048, 26000009, 28000002, 28000001, 26000067]","['Skeleton Army', 'Inferno Dragon', 'Skeleton King', 'Night Witch', 'Golem', 'Rage', 'Arrows', 'Elixir Golem']",10207,101186,1721.7142857142858,460.42857142857144,3.857142857142857,12052.0,3223.0
P0V28C00L,✨NATE❤️BTA ツ,G0UYRURV,Ascend Log™️,57000002,South America,"[26000045, 28000017, 26000103, 26000018, 26000013, 28000026, 28000015, 26000051]","['Executioner', 'Giant Snowball', 'Boss Bandit', 'Mini P.E.K.K.A', 'Bomber', 'Vines', 'Barbarian Barrel', 'Ram Rider']",10180,101186,1051.3333333333333,518.0,3.5,6308.0,3108.0
LVYP9089P,❄️WARDANI❄️,G0UYRURV,Ascend Log™️,57000002,South America,"[27000002, 26000056, 26000005, 26000040, 28000015, 26000041, 28000000, 26000000]","['Mortar', 'Skeleton Barrel', 'Minions', 'Dart Goblin', 'Barbarian Barrel', 'Goblin Gang', 'Fireball', 'Knight']",10154,101186,890.375,333.625,3.125,7123.0,2669.0
RPYGRCPY9,SAIDGTZ11,LUGC88QL,sasageyo,57000002,South America,"[26000044, 26000050, 26000084, 26000024, 26000061, 26000010, 28000000, 28000015]","['Hunter', 'Royal Ghost', 'Electro Spirit', 'Royal Giant', 'Fisherman', 'Skeletons', 'Fireball', 'Barbarian Barrel']",10240,100960,1297.0,438.57142857142856,3.2857142857142856,9079.0,3070.0
CC80UYJ02,<DeathWish>,LUGC88QL,sasageyo,57000002,South America,"[27000000, 26000064, 26000065, 26000010, 28000011, 28000014, 26000021, 26000030]","['Cannon', 'Firecracker', 'Mighty Miner', 'Skeletons', 'The Log', 'Earthquake', 'Hog Rider', 'Ice Spirit']",10238,100960,690.1666666666666,452.8333333333333,2.3333333333333335,4141.0,2717.0
JY2J8JVLG,诱饵♥︎MR BLAS❤,LUGC88QL,sasageyo,57000002,South America,"[26000010, 27000006, 26000014, 26000000, 26000006, 26000032, 26000084, 28000017]","['Skeletons', 'Tesla', 'Musketeer', 'Knight', 'Balloon', 'Miner', 'Electro Spirit', 'Giant Snowball']",10237,100960,1232.0,423.85714285714283,3.142857142857143,8624.0,2967.0
UCC8GPP,Máximo Décimo X,LUGC88QL,sasageyo,57000002,South America,"[26000031, 26000030, 26000018, 26000084, 28000017, 28000016, 28000008, 28000023]","['Fire Spirit', 'Ice Spirit', 'Mini P.E.K.K.A', 'Electro Spirit', 'Giant Snowball', 'Heal Spirit', 'Zap', 'Void']",10237,100960,527.25,402.0,2.25,2109.0,1608.0
VGRJYC0Y,XxsauloskixX,LUGC88QL,sasageyo,57000002,South America,"[26000024, 26000064, 28000011, 26000030, 28000000, 26000010, 26000054, 26000049]","['Royal Giant', 'Firecracker', 'The Log', 'Ice Spirit', 'Fireball', 'Skeletons', 'Cannon Cart', 'Bats']",10209,100960,954.8571428571429,471.57142857142856,3.0,6684.0,3301.0
LL9CYJVY8,¡PANCRACIO!,LUGC88QL,sasageyo,57000002,South America,"[26000014, 27000000, 26000030, 28000011, 28000000, 26000021, 26000038, 26000010]","['Musketeer', 'Cannon', 'Ice Spirit', 'The Log', 'Fireball', 'Hog Rider', 'Ice Golem', 'Skeletons']",10150,100960,912.75,282.75,2.625,7302.0,2262.0
J22VQC9Q2,DJ♥️OMATIC♥️,LUGC88QL,sasageyo,57000002,South America,"[26000064, 26000059, 26000018, 26000038, 28000000, 26000041, 28000011, 26000049]","['Firecracker', 'Royal Hogs', 'Mini P.E.K.K.A', 'Ice Golem', 'Fireball', 'Goblin Gang', 'The Log', 'Bats']",10147,100960,843.5714285714286,480.0,3.142857142857143,5905.0,3360.0
CLUGV0JUV,Santi.bocc,LUGC88QL,sasageyo,57000002,South America,"[26000011, 27000006, 26000025, 28000004, 28000003, 26000084, 28000011, 26000026]","['Valkyrie', 'Tesla', 'Guards', 'Goblin Barrel', 'Rocket', 'Electro Spirit', 'The Log', 'Princess']",10120,100960,728.0,550.7142857142857,3.5714285714285716,5096.0,3855.0
QVJCP9P82,^-^Mlk.DaZn~_~,LUGC88QL,sasageyo,57000002,South America,"[26000055, 26000064, 26000000, 27000006, 26000040, 28000011, 26000021, 26000010]","['Mega Knight', 'Firecracker', 'Knight', 'Tesla', 'Dart Goblin', 'The Log', 'Hog Rider', 'Skeletons']",10119,100960,1673.7142857142858,316.57142857142856,3.4285714285714284,11716.0,2216.0
Y2YQU9RQ,JøaKing,LUGC88QL,sasageyo,57000002,South America,"[26000017, 26000004, 26000026, 26000005, 26000043, 26000046, 28000011, 26000042]","['Wizard', 'P.E.K.K.A', 'Princess', 'Minions', 'Elite Barbarians', 'Bandit', 'The Log', 'Electro Wizard']",10115,100960,1285.375,498.625,4.125,10283.0,3989.0
JVUYUQYU8,Mohamed Andre⚡️,GJLLGRLP,TROPA DO ZANO,57000002,South America,"[27000006, 26000007, 26000000, 26000010, 26000006, 28000015, 26000032, 28000017]","['Tesla', 'Witch', 'Knight', 'Skeletons', 'Balloon', 'Barbarian Barrel', 'Miner', 'Giant Snowball']",10221,100941,1097.375,415.625,3.125,8779.0,3325.0
GRVLPLQ88,Jordan,GJLLGRLP,TROPA DO ZANO,57000002,South America,"[26000055, 26000011, 26000017, 26000012, 26000006, 26000005, 27000000, 28000005]","['Mega Knight', 'Valkyrie', 'Wizard', 'Skeleton Army', 'Balloon', 'Minions', 'Cannon', 'Freeze']",10210,100941,1606.625,587.125,4.25,12853.0,4697.0
YYGGUJCP,#GUSTAVO#,GJLLGRLP,TROPA DO ZANO,57000002,South America,"[26000000, 27000006, 26000010, 26000021, 26000030, 28000011, 26000064, 28000001]","['Knight', 'Tesla', 'Skeletons', 'Hog Rider', 'Ice Spirit', 'The Log', 'Firecracker', 'Arrows']",10169,100941,913.7142857142857,319.2857142857143,2.5714285714285716,6396.0,2235.0
J2VJCVQ98,Adrseven7,GJLLGRLP,TROPA DO ZANO,57000002,South America,"[26000012, 26000055, 26000042, 28000000, 28000004, 26000067, 26000064, 28000001]","['Skeleton Army', 'Mega Knight', 'Electro Wizard', 'Fireball', 'Goblin Barrel', 'Elixir Golem', 'Firecracker', 'Arrows']",10157,100941,1394.2857142857142,543.5714285714286,3.857142857142857,9760.0,3805.0
CLJJRLU8,SUPERCTRON,GJLLGRLP,TROPA DO ZANO,57000002,South America,"[26000012, 28000008, 26000018, 26000003, 26000022, 26000049, 26000033, 28000001]","['Skeleton Army', 'Zap', 'Mini P.E.K.K.A', 'Giant', 'Minion Horde', 'Bats', 'Sparky', 'Arrows']",10150,100941,1184.25,833.125,3.75,9474.0,6665.0
V8LGQVY02,iagopato,GJLLGRLP,TROPA DO ZANO,57000002,South America,"[28000004, 26000030, 26000000, 26000026, 28000011, 27000003, 26000041, 28000003]","['Goblin Barrel', 'Ice Spirit', 'Knight', 'Princess', 'The Log', 'Inferno Tower', 'Goblin Gang', 'Rocket']",10150,100941,728.625,526.625,3.25,5829.0,4213.0
P9R0000Q9,King Saturno,GJLLGRLP,TROPA DO ZANO,57000002,South America,"[26000024, 26000050, 28000000, 26000061, 26000044, 26000084, 26000010, 28000011]","['Royal Giant', 'Royal Ghost', 'Fireball', 'Fisherman', 'Hunter', 'Electro Spirit', 'Skeletons', 'The Log']",10120,100941,1297.0,451.14285714285717,3.2857142857142856,9079.0,3158.0
9VYLUY2Q,ronaldinho-,GJLLGRLP,TROPA DO ZANO,57000002,South America,"[28000004, 26000058, 26000065, 26000030, 26000010, 28000011, 27000000, 26000040]","['Goblin Barrel', 'Wall Breakers', 'Mighty Miner', 'Ice Spirit', 'Skeletons', 'The Log', 'Cannon', 'Dart Goblin']",10115,100941,378.42857142857144,433.2857142857143,2.142857142857143,2649.0,3033.0
2RRYC88PQ,KADUS1X,GJLLGRLP,TROPA DO ZANO,57000002,South America,"[26000064, 27000000, 26000018, 26000021, 28000011, 26000084, 26000010, 28000000]","['Firecracker', 'Cannon', 'Mini P.E.K.K.A', 'Hog Rider', 'The Log', 'Electro Spirit', 'Skeletons', 'Fireball']",10100,100941,1043.1666666666667,445.1666666666667,3.0,6259.0,2671.0
YPUV28JU2,F4KE,GJLLGRLP,TROPA DO ZANO,57000002,South America,"[28000004, 26000030, 26000000, 28000011, 26000041, 26000026, 27000003, 28000003]","['Goblin Barrel', 'Ice Spirit', 'Knight', 'The Log', 'Goblin Gang', 'Princess', 'Inferno Tower', 'Rocket']",10096,100941,728.625,526.625,3.25,5829.0,4213.0
8JPRQQ88R,ᴇʟ ᴍᴇɴᴏʀ ✞,GJ2YLCVL,GTA5 ONLINE,57000002,South America,"[26000011, 27000006, 26000040, 28000004, 26000026, 28000003, 26000041, 28000011]","['Valkyrie', 'Tesla', 'Dart Goblin', 'Goblin Barrel', 'Princess', 'Rocket', 'Goblin Gang', 'The Log']",10263,100933,688.375,570.5,3.5,5507.0,4564.0
PJV2PYYLV,☆ꜱʀ｜ꜱʟɪɴʏᴀᴠɪ☆,GJ2YLCVL,GTA5 ONLINE,57000002,South America,"[26000050, 26000056, 26000040, 27000004, 26000058, 28000026, 26000053, 28000015]","['Royal Ghost', 'Skeleton Barrel', 'Dart Goblin', 'Bomb Tower', 'Wall Breakers', 'Vines', 'Rascals', 'Barbarian Barrel']",10210,100933,742.5714285714286,364.0,3.142857142857143,5198.0,2548.0
L20JYGL92,ᴱᵀᴼ•ᴀ ᴋ ɪ ʟ ᴇ s,GJ2YLCVL,GTA5 ONLINE,57000002,South America,"[26000055, 26000040, 26000037, 26000027, 26000000, 28000004, 28000001, 26000042]","['Mega Knight', 'Dart Goblin', 'Inferno Dragon', 'Dark Prince', 'Knight', 'Goblin Barrel', 'Arrows', 'Electro Wizard']",10180,100933,1384.5,455.75,3.875,11076.0,3646.0
VCG8CJ9VG,J__Luna,GJ2YLCVL,GTA5 ONLINE,57000002,South America,"[26000047, 27000002, 26000027, 26000010, 28000018, 26000030, 28000011, 28000001]","['Royal Recruits', 'Mortar', 'Dark Prince', 'Skeletons', 'Royal Delivery', 'Ice Spirit', 'The Log', 'Arrows']",10169,100933,428.2857142857143,563.1428571428571,3.142857142857143,2998.0,3942.0
2QU0LRUCV,Ｅｘａｅｌ ᄎ...,GJ2YLCVL,GTA5 ONLINE,57000002,South America,"[26000007, 27000006, 26000000, 27000013, 28000017, 26000102, 28000003, 26000030]","['Witch', 'Tesla', 'Knight', 'Goblin Drill', 'Giant Snowball', 'Berserker', 'Rocket', 'Ice Spirit']",10151,100933,858.3333333333334,548.1666666666666,3.5,5150.0,3289.0
Y8VPLY0QP,G.E.O.V.A.N.N.I,GJ2YLCVL,GTA5 ONLINE,57000002,South America,"[26000011, 26000040, 26000021, 28000004, 27000000, 26000010, 28000011, 28000003]","['Valkyrie', 'Dart Goblin', 'Hog Rider', 'Goblin Barrel', 'Cannon', 'Skeletons', 'The Log', 'Rocket']",10150,100933,849.375,544.25,3.25,6795.0,4354.0
J2GVRVU9J,Ryley,GJ2YLCVL,GTA5 ONLINE,57000002,South America,"[26000037, 27000006, 28000005, 26000006, 26000000, 28000001, 26000011, 26000035]","['Inferno Dragon', 'Tesla', 'Freeze', 'Balloon', 'Knight', 'Arrows', 'Valkyrie', 'Lumberjack']",10120,100933,1520.25,376.125,3.875,12162.0,3009.0
C009GRRRR,chiky,GJ2YLCVL,GTA5 ONLINE,57000002,South America,"[26000040, 26000064, 28000011, 28000000, 26000041, 26000051, 26000016, 26000018]","['Dart Goblin', 'Firecracker', 'The Log', 'Fireball', 'Goblin Gang', 'Ram Rider', 'Prince', 'Mini P.E.K.K.A']",10090,100933,1194.0,483.2857142857143,3.7142857142857144,8358.0,3383.0
GLG9YJY82,埃爾金洛爾,GJ2YLCVL,GTA5 ONLINE,57000002,South America,"[26000050, 26000040, 26000058, 26000041, 26000056, 28000026, 26000053, 28000011]","['Royal Ghost', 'Dart Goblin', 'Wall Breakers', 'Goblin Gang', 'Skeleton Barrel', 'Vines', 'Rascals', 'The Log']",10090,100933,540.5714285714286,433.42857142857144,3.0,3784.0,3034.0
QYRUYC9Y0,alfreditobonito,GJ2YLCVL,GTA5 ONLINE,57000002,South America,"[26000000, 26000045, 26000021, 26000010, 26000018, 28000012, 28000011, 28000000]","['Knight', 'Executioner', 'Hog Rider', 'Skeletons', 'Mini P.E.K.K.A', 'Tornado', 'The Log', 'Fireball']",10090,100933,1101.625,464.125,3.25,8813.0,3713.0
29L0909CL,Horagol,GYYCJCPG,Invictos Chile,57000002,South America,"[26000049, 26000035, 26000018, 26000080, 28000001, 26000009, 26000039, 28000012]","['Bats', 'Lumberjack', 'Mini P.E.K.K.A', 'Skeleton Dragons', 'Arrows', 'Golem', 'Mega Minion', 'Tornado']",10366,100928,1643.0,464.85714285714283,3.857142857142857,11501.0,3254.0
2CLJCVRQ8,Daniel,GYYCJCPG,Invictos Chile,57000002,South America,"[28000008, 26000049, 26000018, 26000003, 26000012, 26000033, 26000022, 28000001]","['Zap', 'Bats', 'Mini P.E.K.K.A', 'Giant', 'Skeleton Army', 'Sparky', 'Minion Horde', 'Arrows']",10238,100928,1184.25,833.125,3.75,9474.0,6665.0
2LVP08UVU,Nicolás,GYYCJCPG,Invictos Chile,57000002,South America,"[26000004, 28000008, 28000011, 26000035, 26000039, 26000046, 26000041, 26000042]","['P.E.K.K.A', 'Zap', 'The Log', 'Lumberjack', 'Mega Minion', 'Bandit', 'Goblin Gang', 'Electro Wizard']",10223,100928,1289.375,463.5,3.5,10315.0,3708.0
PUJV0Q2Q,mou,GYYCJCPG,Invictos Chile,57000002,South America,"[28000008, 27000010, 26000003, 28000010, 26000049, 28000009, 26000041, 26000018]","['Zap', 'Furnace', 'Giant', 'Graveyard', 'Bats', 'Poison', 'Goblin Gang', 'Mini P.E.K.K.A']",10206,100928,1132.625,605.375,3.625,9061.0,4843.0
PYP928GY8,ALDAIRXD=-=,GYYCJCPG,Invictos Chile,57000002,South America,"[26000055, 26000035, 26000042, 28000008, 26000041, 28000001, 26000057, 26000054]","['Mega Knight', 'Lumberjack', 'Electro Wizard', 'Zap', 'Goblin Gang', 'Arrows', 'Flying Machine', 'Cannon Cart']",10160,100928,1287.5,465.875,4.0,10300.0,3727.0
LQUG9V2QQ,Decanix,GYYCJCPG,Invictos Chile,57000002,South America,"[26000059, 26000047, 26000018, 26000035, 26000084, 28000008, 26000041, 28000000]","['Royal Hogs', 'Royal Recruits', 'Mini P.E.K.K.A', 'Lumberjack', 'Electro Spirit', 'Zap', 'Goblin Gang', 'Fireball']",10150,100928,889.1428571428571,514.7142857142857,4.142857142857143,6224.0,3603.0
9LY888UQ0,Across JokR,GYYCJCPG,Invictos Chile,57000002,South America,"[28000008, 26000049, 26000072, 26000003, 26000022, 26000012, 28000001, 26000033]","['Zap', 'Bats', 'Archer Queen', 'Giant', 'Minion Horde', 'Skeleton Army', 'Arrows', 'Sparky']",10120,100928,1095.7142857142858,815.7142857142857,3.7142857142857144,7670.0,5710.0
QPUYG9VJ,⛩️Cristopher⛩️,GYYCJCPG,Invictos Chile,57000002,South America,"[26000045, 26000040, 26000048, 26000009, 26000030, 28000011, 28000007, 28000012]","['Executioner', 'Dart Goblin', 'Night Witch', 'Golem', 'Ice Spirit', 'The Log', 'Lightning', 'Tornado']",10119,100928,1270.5,494.875,4.0,10164.0,3959.0
G2RY8GG,ScouterJump,GYYCJCPG,Invictos Chile,57000002,South America,"[26000040, 26000064, 26000018, 26000055, 26000005, 28000004, 27000012, 28000011]","['Dart Goblin', 'Firecracker', 'Mini P.E.K.K.A', 'Mega Knight', 'Minions', 'Goblin Barrel', 'Goblin Cage', 'The Log']",10118,100928,1143.0,390.85714285714283,3.7142857142857144,8001.0,2736.0
UCYVG8JQL,el pirula loca,GYYCJCPG,Invictos Chile,57000002,South America,"[26000064, 26000037, 26000085, 28000005, 26000018, 28000001, 26000040, 26000045]","['Firecracker', 'Inferno Dragon', 'Electro Giant', 'Freeze', 'Mini P.E.K.K.A', 'Arrows', 'Dart Goblin', 'Executioner']",10090,100928,923.8333333333334,404.0,3.8333333333333335,5543.0,2424.0
80Y2VRLG,Warrior,QUV9LGRP,Waterfall,57000003,Asia,"[26000015, 26000011, 26000009, 26000018, 26000068, 26000052, 28000026, 27000007]","['Baby Dragon', 'Valkyrie', 'Golem', 'Mini P.E.K.K.A', 'Battle Healer', 'Zappies', 'Vines', 'Elixir Collector']",10385,100919,2271.1666666666665,378.3333333333333,5.0,13627.0,2270.0
29R2P8L9C,Jac✨,QUV9LGRP,Waterfall,57000003,Asia,"[26000064, 27000000, 26000018, 28000011, 26000021, 28000014, 26000030, 28000018]","['Firecracker', 'Cannon', 'Mini P.E.K.K.A', 'The Log', 'Hog Rider', 'Earthquake', 'Ice Spirit', 'Royal Delivery']",10242,100919,972.8333333333334,558.0,2.8333333333333335,5837.0,3348.0
JQRJJR0RC,GripPugs,QUV9LGRP,Waterfall,57000003,Asia,"[28000017, 27000010, 26000065, 27000000, 26000025, 26000030, 27000013, 28000009]","['Giant Snowball', 'Furnace', 'Mighty Miner', 'Cannon', 'Guards', 'Ice Spirit', 'Goblin Drill', 'Poison']",10151,100919,461.5,191.0,2.8333333333333335,2769.0,1146.0
8YG92988C,Sqw,QUV9LGRP,Waterfall,57000003,Asia,"[27000010, 27000012, 26000000, 28000015, 28000009, 28000026, 26000023, 28000010]","['Furnace', 'Goblin Cage', 'Knight', 'Barbarian Barrel', 'Poison', 'Vines', 'Ice Wizard', 'Graveyard']",10120,100919,670.0,392.42857142857144,3.5714285714285716,4690.0,2747.0
QV2PRQG8L,✨Adriii❤️Bait✨,QUV9LGRP,Waterfall,57000003,Asia,"[26000015, 28000017, 26000018, 26000004, 26000006, 26000035, 28000005, 28000008]","['Baby Dragon', 'Giant Snowball', 'Mini P.E.K.K.A', 'P.E.K.K.A', 'Balloon', 'Lumberjack', 'Freeze', 'Zap']",10120,100919,1569.5,550.25,4.0,12556.0,4402.0
RPRRP92J,Trainer Tim,QUV9LGRP,Waterfall,57000003,Asia,"[27000000, 26000010, 26000014, 26000021, 28000000, 26000038, 26000030, 28000011]","['Cannon', 'Skeletons', 'Musketeer', 'Hog Rider', 'Fireball', 'Ice Golem', 'Ice Spirit', 'The Log']",10120,100919,912.75,282.75,2.625,7302.0,2262.0
YLV2PJ2VV,IncendiaryDemon,QUV9LGRP,Waterfall,57000003,Asia,"[26000011, 28000008, 26000006, 26000080, 27000009, 28000000, 26000037, 26000029]","['Valkyrie', 'Zap', 'Balloon', 'Skeleton Dragons', 'Tombstone', 'Fireball', 'Inferno Dragon', 'Lava Hound']",10120,100919,1790.2857142857142,331.42857142857144,4.142857142857143,12532.0,2320.0
PRLJPPLVP,1+2+3+4+5+6,QUV9LGRP,Waterfall,57000003,Asia,"[26000063, 26000035, 26000018, 26000064, 26000030, 26000015, 28000001, 26000006]","['Electro Dragon', 'Lumberjack', 'Mini P.E.K.K.A', 'Firecracker', 'Ice Spirit', 'Baby Dragon', 'Arrows', 'Balloon']",10090,100919,1283.7142857142858,506.7142857142857,3.7142857142857144,8986.0,3547.0
8YG9VCP90,Ace.,QUV9LGRP,Waterfall,57000003,Asia,"[28000004, 26000011, 26000040, 28000011, 26000030, 26000041, 27000000, 28000003]","['Goblin Barrel', 'Valkyrie', 'Dart Goblin', 'The Log', 'Ice Spirit', 'Goblin Gang', 'Cannon', 'Rocket']",10090,100919,641.0,555.875,3.125,5128.0,4447.0
Y999VQJUQ,Vibn,QUV9LGRP,Waterfall,57000003,Asia,"[26000010, 26000011, 27000013, 26000064, 26000031, 28000011, 28000000, 27000006]","['Skeletons', 'Valkyrie', 'Goblin Drill', 'Firecracker', 'Fire Spirit', 'The Log', 'Fireball', 'Tesla']",10090,100919,1037.4,337.4,3.0,5187.0,1687.0
8CV0LRVL,bny*,YJY9RVJ,Singapore,57000003,Asia,"[26000015, 28000008, 26000018, 28000013, 26000048, 26000009, 26000046, 28000000]","['Baby Dragon', 'Zap', 'Mini P.E.K.K.A', 'Clone', 'Night Witch', 'Golem', 'Bandit', 'Fireball']",10386,100699,,,4.0,,
2Q08LCU,Passion,YJY9RVJ,Singapore,57000003,Asia,"[27000010, 26000047, 26000093, 26000018, 28000026, 26000006, 26000061, 28000012]","['Furnace', 'Royal Recruits', 'Little Prince', 'Mini P.E.K.K.A', 'Vines', 'Balloon', 'Fisherman', 'Tornado']",10333,100699,938.0,568.6666666666666,4.333333333333333,5628.0,3412.0
VCV0L09V8,Sasuke,YJY9RVJ,Singapore,57000003,Asia,"[26000011, 26000015, 28000001, 26000057, 26000049, 26000032, 26000025, 26000029]","['Valkyrie', 'Baby Dragon', 'Arrows', 'Flying Machine', 'Bats', 'Miner', 'Guards', 'Lava Hound']",10181,100699,1527.125,274.25,3.75,12217.0,2194.0
8RLLGUQQR,BlacKnight,YJY9RVJ,Singapore,57000003,Asia,"[26000055, 26000064, 26000018, 28000001, 26000010, 26000006, 28000007, 26000049]","['Mega Knight', 'Firecracker', 'Mini P.E.K.K.A', 'Arrows', 'Skeletons', 'Balloon', 'Lightning', 'Bats']",10156,100699,1360.857142857143,747.7142857142857,4.0,9526.0,5234.0
28989P8Y,cire,YJY9RVJ,Singapore,57000003,Asia,"[26000047, 26000059, 26000074, 28000001, 27000012, 26000052, 28000015, 26000057]","['Royal Recruits', 'Royal Hogs', 'Golden Knight', 'Arrows', 'Goblin Cage', 'Zappies', 'Barbarian Barrel', 'Flying Machine']",10110,100699,420.42857142857144,329.85714285714283,4.142857142857143,2943.0,2309.0
VCU2ULGCC,Dada,YJY9RVJ,Singapore,57000003,Asia,"[26000064, 26000015, 26000041, 26000067, 28000001, 28000018, 26000018, 28000007]","['Firecracker', 'Baby Dragon', 'Goblin Gang', 'Elixir Golem', 'Arrows', 'Royal Delivery', 'Mini P.E.K.K.A', 'Lightning']",10060,100699,1022.0,664.1666666666666,3.8333333333333335,6132.0,3985.0
CGL99CR0,KING OF KINGS,YJY9RVJ,Singapore,57000003,Asia,"[26000047, 26000011, 26000040, 26000051, 26000041, 28000001, 27000003, 28000011]","['Royal Recruits', 'Valkyrie', 'Dart Goblin', 'Ram Rider', 'Goblin Gang', 'Arrows', 'Inferno Tower', 'The Log']",10090,100699,1042.875,386.625,4.0,8343.0,3093.0
PGQLLC22G,Terrorista,YJY9RVJ,Singapore,57000003,Asia,"[26000045, 27000006, 28000008, 28000000, 26000059, 26000055, 26000012, 26000018]","['Executioner', 'Tesla', 'Zap', 'Fireball', 'Royal Hogs', 'Mega Knight', 'Skeleton Army', 'Mini P.E.K.K.A']",10060,100699,1533.625,622.875,4.25,12269.0,4983.0
8UJL82Q0U,uncle ong$$,YJY9RVJ,Singapore,57000003,Asia,"[26000035, 26000015, 26000000, 26000093, 26000049, 28000014, 26000006, 28000011]","['Lumberjack', 'Baby Dragon', 'Knight', 'Little Prince', 'Bats', 'Earthquake', 'Balloon', 'The Log']",10060,100699,1175.7142857142858,595.8571428571429,3.2857142857142856,8230.0,4171.0
8C8CPRURQ,memememe,YJY9RVJ,Singapore,57000003,Asia,"[26000007, 26000017, 26000004, 26000011, 28000001, 26000018, 28000000, 26000051]","['Witch', 'Wizard', 'P.E.K.K.A', 'Valkyrie', 'Arrows', 'Mini P.E.K.K.A', 'Fireball', 'Ram Rider']",10060,100699,1842.75,521.5,4.625,14742.0,4172.0
RVY9ULJ00,parsa_amigo,G0VL00L0,Iran,57000003,Asia,"[26000011, 28000004, 26000030, 26000058, 26000026, 26000040, 26000041, 27000000]","['Valkyrie', 'Goblin Barrel', 'Ice Spirit', 'Wall Breakers', 'Princess', 'Dart Goblin', 'Goblin Gang', 'Cannon']",10185,100647,738.875,449.5,2.75,5911.0,3596.0
Y9LLLLY0,soltoon,G0VL00L0,Iran,57000003,Asia,"[26000017, 26000055, 26000021, 28000008, 26000043, 26000028, 28000002, 26000041]","['Wizard', 'Mega Knight', 'Hog Rider', 'Zap', 'Elite Barbarians', 'Three Musketeers', 'Rage', 'Goblin Gang']",10181,100647,1421.75,490.25,4.75,11374.0,3922.0
RLR2828J8,betito,G0VL00L0,Iran,57000003,Asia,"[26000007, 27000006, 26000005, 26000000, 28000001, 26000018, 26000042, 26000021]","['Witch', 'Tesla', 'Minions', 'Knight', 'Arrows', 'Mini P.E.K.K.A', 'Electro Wizard', 'Hog Rider']",10175,100647,1268.25,425.0,3.75,10146.0,3400.0
2Q2V80CGG,BW_YOHATSU,G0VL00L0,Iran,57000003,Asia,"[26000035, 27000000, 26000011, 26000010, 26000064, 26000006, 28000002, 26000084]","['Lumberjack', 'Cannon', 'Valkyrie', 'Skeletons', 'Firecracker', 'Balloon', 'Rage', 'Electro Spirit']",10130,100647,1309.5,422.8333333333333,3.1666666666666665,7857.0,2537.0
VLRP8LCRL,amin,G0VL00L0,Iran,57000003,Asia,"[26000055, 26000064, 26000000, 26000040, 26000041, 28000004, 26000033, 28000011]","['Mega Knight', 'Firecracker', 'Knight', 'Dart Goblin', 'Goblin Gang', 'Goblin Barrel', 'Sparky', 'The Log']",10092,100647,1486.5714285714287,585.1428571428571,3.857142857142857,10406.0,4096.0
CJ8C8LVRR,simehsar,G0VL00L0,Iran,57000003,Asia,"[26000011, 26000064, 28000015, 26000039, 26000018, 28000001, 26000007, 26000047]","['Valkyrie', 'Firecracker', 'Barbarian Barrel', 'Mega Minion', 'Mini P.E.K.K.A', 'Arrows', 'Witch', 'Royal Recruits']",10091,100647,997.4285714285714,494.7142857142857,4.0,6982.0,3463.0
YYJ29U92,iman,G0VL00L0,Iran,57000003,Asia,"[26000063, 26000035, 26000005, 26000009, 27000007, 26000016, 28000015, 28000012]","['Electro Dragon', 'Lumberjack', 'Minions', 'Golem', 'Elixir Collector', 'Prince', 'Barbarian Barrel', 'Tornado']",10090,100647,1577.375,303.875,4.5,12619.0,2431.0
VU9GVG0G,Elvis Presley,G0VL00L0,Iran,57000003,Asia,"[26000064, 26000055, 26000040, 26000041, 28000001, 26000021, 26000018, 26000026]","['Firecracker', 'Mega Knight', 'Dart Goblin', 'Goblin Gang', 'Arrows', 'Hog Rider', 'Mini P.E.K.K.A', 'Princess']",10089,100647,1486.5714285714287,456.7142857142857,3.857142857142857,10406.0,3197.0
V2UGRLPU8,waiter,G0VL00L0,Iran,57000003,Asia,"[26000055, 26000007, 26000042, 26000011, 26000021, 28000005, 28000001, 28000006]","['Mega Knight', 'Witch', 'Electro Wizard', 'Valkyrie', 'Hog Rider', 'Freeze', 'Arrows', 'Mirror']",10074,100647,,,3.875,,
VJ902GC9G,mamad.R,G0VL00L0,Iran,57000003,Asia,"[26000055, 26000011, 26000064, 26000018, 26000000, 28000004, 26000007, 28000001]","['Mega Knight', 'Valkyrie', 'Firecracker', 'Mini P.E.K.K.A', 'Knight', 'Goblin Barrel', 'Witch', 'Arrows']",10067,100647,1901.7142857142858,449.7142857142857,4.142857142857143,13312.0,3148.0
LRY0VL2RU,AmirTataloo,L0UUR98R,ایران,57000003,Asia,"[26000011, 26000013, 26000026, 27000003, 28000004, 26000041, 28000003, 28000011]","['Valkyrie', 'Bomber', 'Princess', 'Inferno Tower', 'Goblin Barrel', 'Goblin Gang', 'Rocket', 'The Log']",10301,100557,824.0,573.5,3.625,6592.0,4588.0
J9LQQ8V8R,MW_mamad,L0UUR98R,ایران,57000003,Asia,"[26000000, 27000006, 28000011, 27000008, 28000003, 26000023, 26000010, 28000012]","['Knight', 'Tesla', 'The Log', 'X-Bow', 'Rocket', 'Ice Wizard', 'Skeletons', 'Tornado']",10210,100557,873.875,454.125,3.5,6991.0,3633.0
QJV88P02V,Amirali,L0UUR98R,ایران,57000003,Asia,"[26000055, 26000011, 26000074, 26000018, 26000007, 26000042, 28000001, 26000012]","['Mega Knight', 'Valkyrie', 'Golden Knight', 'Mini P.E.K.K.A', 'Witch', 'Electro Wizard', 'Arrows', 'Skeleton Army']",10152,100557,1698.142857142857,618.7142857142857,4.285714285714286,11887.0,4331.0
J8G0P9QU,taha,L0UUR98R,ایران,57000003,Asia,"[26000063, 26000007, 26000018, 26000056, 28000012, 26000009, 26000064, 26000012]","['Electro Dragon', 'Witch', 'Mini P.E.K.K.A', 'Skeleton Barrel', 'Tornado', 'Golem', 'Firecracker', 'Skeleton Army']",10133,100557,1726.0,570.4285714285714,4.428571428571429,12082.0,3993.0
YV2UVQY8U,sajjad,L0UUR98R,ایران,57000003,Asia,"[26000037, 26000017, 27000006, 26000012, 26000055, 26000006, 28000005, 28000026]","['Inferno Dragon', 'Wizard', 'Tesla', 'Skeleton Army', 'Mega Knight', 'Balloon', 'Freeze', 'Vines']",10120,100557,1708.2857142857142,574.8571428571429,4.571428571428571,11958.0,4024.0
20VYLQQUJ,king ali,L0UUR98R,ایران,57000003,Asia,"[26000064, 26000055, 26000011, 26000007, 26000021, 26000018, 26000006, 26000012]","['Firecracker', 'Mega Knight', 'Valkyrie', 'Witch', 'Hog Rider', 'Mini P.E.K.K.A', 'Balloon', 'Skeleton Army']",10115,100557,2202.4285714285716,761.1428571428571,4.571428571428571,15417.0,5328.0
UR8R88GGJ,alirhmanof,L0UUR98R,ایران,57000003,Asia,"[26000004, 26000017, 26000012, 26000027, 26000021, 27000006, 28000001, 28000008]","['P.E.K.K.A', 'Wizard', 'Skeleton Army', 'Dark Prince', 'Hog Rider', 'Tesla', 'Arrows', 'Zap']",10093,100557,1267.0,760.375,4.0,10136.0,6083.0
UC9LPJJG9,tony21,L0UUR98R,ایران,57000003,Asia,"[26000055, 26000011, 26000018, 26000016, 26000007, 28000011, 26000012, 26000064]","['Mega Knight', 'Valkyrie', 'Mini P.E.K.K.A', 'Prince', 'Witch', 'The Log', 'Skeleton Army', 'Firecracker']",10092,100557,1931.142857142857,648.2857142857143,4.285714285714286,13518.0,4538.0
QVQUUG9C9,صادقstr,L0UUR98R,ایران,57000003,Asia,"[26000055, 26000035, 26000074, 26000051, 26000034, 28000001, 26000005, 27000003]","['Mega Knight', 'Lumberjack', 'Golden Knight', 'Ram Rider', 'Bowler', 'Arrows', 'Minions', 'Inferno Tower']",10090,100557,2068.5714285714284,322.57142857142856,4.571428571428571,14480.0,2258.0
CC9922920,MEDESTAIN,L0UUR98R,ایران,57000003,Asia,"[26000055, 26000064, 26000017, 28000011, 26000043, 26000004, 26000007, 28000002]","['Mega Knight', 'Firecracker', 'Wizard', 'The Log', 'Elite Barbarians', 'P.E.K.K.A', 'Witch', 'Rage']",10090,100557,1982.7142857142858,500.42857142857144,4.857142857142857,13879.0,3503.0
UC2ULCUQY,yusuf,PLLR8QJ,عراق,57000003,Asia,"[26000011, 26000007, 26000074, 26000004, 28000009, 26000084, 28000001, 27000001]","['Valkyrie', 'Witch', 'Golden Knight', 'P.E.K.K.A', 'Poison', 'Electro Spirit', 'Arrows', 'Goblin Hut']",10234,100491,1615.5,418.5,4.666666666666667,9693.0,2511.0
UC2VPPLYP,ALI,PLLR8QJ,عراق,57000003,Asia,"[26000055, 26000064, 26000000, 28000011, 26000021, 26000030, 27000000, 26000010]","['Mega Knight', 'Firecracker', 'Knight', 'The Log', 'Hog Rider', 'Ice Spirit', 'Cannon', 'Skeletons']",10179,100491,1619.5714285714287,309.0,3.0,11337.0,2163.0
9VVP2V2U,ali,PLLR8QJ,عراق,57000003,Asia,"[26000064, 26000055, 28000004, 26000011, 26000007, 27000006, 28000011, 28000000]","['Firecracker', 'Mega Knight', 'Goblin Barrel', 'Valkyrie', 'Witch', 'Tesla', 'The Log', 'Fireball']",10125,100491,1676.5714285714287,363.7142857142857,4.142857142857143,11736.0,2546.0
8GLCV8P9,القرصان,PLLR8QJ,عراق,57000003,Asia,"[26000017, 26000007, 26000069, 26000072, 26000033, 26000003, 28000001, 28000008]","['Wizard', 'Witch', 'Skeleton King', 'Archer Queen', 'Sparky', 'Giant', 'Arrows', 'Zap']",10090,100491,1535.6666666666667,576.8333333333334,4.333333333333333,9214.0,3461.0
298Q2R2U,Abody,PLLR8QJ,عراق,57000003,Asia,"[26000064, 26000063, 26000077, 28000012, 26000068, 26000034, 26000048, 26000067]","['Firecracker', 'Electro Dragon', 'Monk', 'Tornado', 'Battle Healer', 'Bowler', 'Night Witch', 'Elixir Golem']",10090,100491,1450.2,322.4,4.0,7251.0,1612.0
J0Y2CVJYV,TROY,PLLR8QJ,عراق,57000003,Asia,"[26000064, 26000058, 26000065, 26000047, 26000041, 28000001, 26000002, 26000056]","['Firecracker', 'Wall Breakers', 'Mighty Miner', 'Royal Recruits', 'Goblin Gang', 'Arrows', 'Goblins', 'Skeleton Barrel']",10090,100491,404.0,619.3333333333334,3.3333333333333335,2424.0,3716.0
LJUVGGPQ8,Hosam@AddiL,PLLR8QJ,عراق,57000003,Asia,"[26000055, 26000064, 26000041, 27000003, 26000011, 28000001, 26000007, 26000059]","['Mega Knight', 'Firecracker', 'Goblin Gang', 'Inferno Tower', 'Valkyrie', 'Arrows', 'Witch', 'Royal Hogs']",10062,100491,1834.5714285714287,364.85714285714283,4.571428571428571,12842.0,2554.0
9PYLJVUGJ,Mohammed,PLLR8QJ,عراق,57000003,Asia,"[26000047, 28000004, 26000018, 26000093, 26000026, 28000011, 28000001, 26000053]","['Royal Recruits', 'Goblin Barrel', 'Mini P.E.K.K.A', 'Little Prince', 'Princess', 'The Log', 'Arrows', 'Rascals']",10060,100491,390.57142857142856,447.7142857142857,3.857142857142857,2734.0,3134.0
UQP08VYPU,Mohamed,PLLR8QJ,عراق,57000003,Asia,"[26000064, 26000055, 26000017, 26000051, 26000007, 28000011, 28000000, 27000003]","['Firecracker', 'Mega Knight', 'Wizard', 'Ram Rider', 'Witch', 'The Log', 'Fireball', 'Inferno Tower']",10060,100491,1844.7142857142858,312.57142857142856,4.714285714285714,12913.0,2188.0
98U2UUJYQ,athir,PLLR8QJ,عراق,57000003,Asia,"[26000064, 26000011, 26000041, 26000067, 27000009, 26000007, 28000001, 26000055]","['Firecracker', 'Valkyrie', 'Goblin Gang', 'Elixir Golem', 'Tombstone', 'Witch', 'Arrows', 'Mega Knight']",10060,100491,1666.142857142857,354.14285714285717,4.0,11663.0,2479.0
8VLL9LQ29,JP7,8ULGYUR2,Australia,57000004,Oceania,"[26000055, 26000011, 26000007, 26000048, 26000067, 26000064, 28000007, 26000021]","['Mega Knight', 'Valkyrie', 'Witch', 'Night Witch', 'Elixir Golem', 'Firecracker', 'Lightning', 'Hog Rider']",10240,100764,2103.8571428571427,519.0,4.714285714285714,14727.0,3633.0
898LY829,⚡️JAD⚡️DECLAN⚡️,8ULGYUR2,Australia,57000004,Oceania,"[26000056, 26000050, 26000069, 26000053, 28000015, 28000026, 26000097, 26000040]","['Skeleton Barrel', 'Royal Ghost', 'Skeleton King', 'Rascals', 'Barbarian Barrel', 'Vines', 'Suspicious Bush', 'Dart Goblin']",10232,100764,592.4,195.4,3.2,2962.0,977.0
989090P,Kirisada,8ULGYUR2,Australia,57000004,Oceania,"[26000056, 26000050, 26000058, 26000040, 28000026, 26000053, 28000015, 27000004]","['Skeleton Barrel', 'Royal Ghost', 'Wall Breakers', 'Dart Goblin', 'Vines', 'Rascals', 'Barbarian Barrel', 'Bomb Tower']",10174,100764,742.5714285714286,364.0,3.142857142857143,5198.0,2548.0
20VUJV,patto,8ULGYUR2,Australia,57000004,Oceania,"[26000058, 26000050, 26000097, 26000040, 26000031, 26000010, 26000030, 28000011]","['Wall Breakers', 'Royal Ghost', 'Suspicious Bush', 'Dart Goblin', 'Fire Spirit', 'Skeletons', 'Ice Spirit', 'The Log']",10145,100764,466.0,439.0,2.0,2796.0,2634.0
20G2P2YQL,Neeks,8ULGYUR2,Australia,57000004,Oceania,"[26000030, 27000006, 28000018, 28000003, 26000102, 26000032, 28000011, 26000010]","['Ice Spirit', 'Tesla', 'Royal Delivery', 'Rocket', 'Berserker', 'Miner', 'The Log', 'Skeletons']",10090,100764,589.6666666666666,563.5,2.8333333333333335,3538.0,3381.0
22Q2GGVVC,Yuhan Jin,8ULGYUR2,Australia,57000004,Oceania,"[26000050, 26000007, 26000004, 27000010, 26000033, 26000048, 26000046, 26000057]","['Royal Ghost', 'Witch', 'P.E.K.K.A', 'Furnace', 'Sparky', 'Night Witch', 'Bandit', 'Flying Machine']",10090,100764,1603.25,554.5,4.5,12826.0,4436.0
29JRYLC9V,Luca,8ULGYUR2,Australia,57000004,Oceania,"[28000008, 26000055, 26000044, 26000032, 26000006, 26000052, 28000001, 26000061]","['Zap', 'Mega Knight', 'Hunter', 'Miner', 'Balloon', 'Zappies', 'Arrows', 'Fisherman']",10090,100764,1524.75,530.125,3.875,12198.0,4241.0
QU8QGGR,lady choco,8ULGYUR2,Australia,57000004,Oceania,"[26000035, 26000014, 26000040, 26000011, 28000001, 26000051, 27000010, 26000005]","['Lumberjack', 'Musketeer', 'Dart Goblin', 'Valkyrie', 'Arrows', 'Ram Rider', 'Furnace', 'Minions']",10087,100764,1034.875,283.625,3.75,8279.0,2269.0
V9CCR8J0,Alxssio969,8ULGYUR2,Australia,57000004,Oceania,"[26000059, 26000050, 28000007, 26000023, 27000001, 26000010, 26000084, 28000015]","['Royal Hogs', 'Royal Ghost', 'Lightning', 'Ice Wizard', 'Goblin Hut', 'Skeletons', 'Electro Spirit', 'Barbarian Barrel']",10084,100764,537.2857142857143,405.7142857142857,3.5714285714285716,3761.0,2840.0
90PPG9,frubbe,8ULGYUR2,Australia,57000004,Oceania,"[26000044, 26000036, 26000074, 26000028, 28000016, 26000038, 28000015, 27000007]","['Hunter', 'Battle Ram', 'Golden Knight', 'Three Musketeers', 'Heal Spirit', 'Ice Golem', 'Barbarian Barrel', 'Elixir Collector']",10061,100764,810.0,458.1666666666667,4.5,4860.0,2749.0
V92Y808LG,<c3>COMMANDO,QG2P2J8Y,BURRA,57000004,Oceania,"[26000060, 28000008, 26000018, 26000033, 26000027, 26000083, 26000005, 28000002]","['Goblin Giant', 'Zap', 'Mini P.E.K.K.A', 'Sparky', 'Dark Prince', 'Mother Witch', 'Minions', 'Rage']",10185,100679,1216.7142857142858,750.0,3.857142857142857,8517.0,5250.0
ULGYVQCJ9,Trainer Singo,QG2P2J8Y,BURRA,57000004,Oceania,"[27000012, 26000059, 26000018, 28000001, 26000057, 26000052, 26000047, 28000015]","['Goblin Cage', 'Royal Hogs', 'Mini P.E.K.K.A', 'Arrows', 'Flying Machine', 'Zappies', 'Royal Recruits', 'Barbarian Barrel']",10177,100679,593.375,408.0,4.125,4747.0,3264.0
P28YL2RUJ,finn,QG2P2J8Y,BURRA,57000004,Oceania,"[27000002, 26000056, 26000093, 26000000, 28000000, 28000011, 26000041, 28000018]","['Mortar', 'Skeleton Barrel', 'Little Prince', 'Knight', 'Fireball', 'The Log', 'Goblin Gang', 'Royal Delivery']",10150,100679,1078.8333333333333,365.3333333333333,3.1666666666666665,6473.0,2192.0
R0JG8GVJ,Ash xo,QG2P2J8Y,BURRA,57000004,Oceania,"[26000000, 26000015, 27000009, 28000009, 28000015, 28000012, 28000010, 26000023]","['Knight', 'Baby Dragon', 'Tombstone', 'Poison', 'Barbarian Barrel', 'Tornado', 'Graveyard', 'Ice Wizard']",10120,100679,798.25,397.875,3.375,6386.0,3183.0
J2LJYUGQP,SMW_teddy,QG2P2J8Y,BURRA,57000004,Oceania,"[26000047, 26000040, 26000099, 27000000, 28000001, 26000054, 28000004, 26000041]","['Royal Recruits', 'Dart Goblin', 'Goblinstein', 'Cannon', 'Arrows', 'Cannon Cart', 'Goblin Barrel', 'Goblin Gang']",10120,100679,526.0,553.2857142857143,3.857142857142857,3682.0,3873.0
UP0QJ0RQL,THEDUBBER,QG2P2J8Y,BURRA,57000004,Oceania,"[28000004, 26000030, 26000000, 26000026, 27000003, 26000041, 28000003, 28000011]","['Goblin Barrel', 'Ice Spirit', 'Knight', 'Princess', 'Inferno Tower', 'Goblin Gang', 'Rocket', 'The Log']",10090,100679,728.625,526.625,3.25,5829.0,4213.0
JQQPVPPJ9,cody,QG2P2J8Y,BURRA,57000004,Oceania,"[26000007, 26000055, 26000000, 28000004, 26000041, 27000006, 28000011, 26000030]","['Witch', 'Mega Knight', 'Knight', 'Goblin Barrel', 'Goblin Gang', 'Tesla', 'The Log', 'Ice Spirit']",10090,100679,1385.125,372.125,3.5,11081.0,2977.0
VPV8UJP90,HyperEdgehog,QG2P2J8Y,BURRA,57000004,Oceania,"[26000063, 26000035, 26000037, 28000012, 26000006, 28000015, 26000034, 28000005]","['Electro Dragon', 'Lumberjack', 'Inferno Dragon', 'Tornado', 'Balloon', 'Barbarian Barrel', 'Bowler', 'Freeze']",10090,100679,1198.625,356.125,4.0,9589.0,2849.0
899GUUYCR,glhf,QG2P2J8Y,BURRA,57000004,Oceania,"[26000010, 27000000, 26000014, 26000030, 26000038, 28000000, 26000021, 28000011]","['Skeletons', 'Cannon', 'Musketeer', 'Ice Spirit', 'Ice Golem', 'Fireball', 'Hog Rider', 'The Log']",10090,100679,912.75,282.75,2.625,7302.0,2262.0
22CV8CUYU,ma,QG2P2J8Y,BURRA,57000004,Oceania,"[27000002, 26000001, 26000000, 26000030, 26000010, 28000011, 28000001, 28000003]","['Mortar', 'Archers', 'Knight', 'Ice Spirit', 'Skeletons', 'The Log', 'Arrows', 'Rocket']",10090,100679,621.875,514.0,2.875,4975.0,4112.0
GP9R2CVJ8,UNR Cesar✨,G9R9GC20,Jfk 2.0,57000004,Oceania,"[26000059, 26000044, 26000074, 28000000, 26000028, 28000015, 28000016, 26000038]","['Royal Hogs', 'Hunter', 'Golden Knight', 'Fireball', 'Three Musketeers', 'Barbarian Barrel', 'Heal Spirit', 'Ice Golem']",10410,100630,945.6666666666666,512.3333333333334,4.333333333333333,5674.0,3074.0
C8PUPGUGG,Avery❤️Skill⚠️,G9R9GC20,Jfk 2.0,57000004,Oceania,"[26000007, 28000017, 26000003, 26000018, 26000034, 28000026, 28000010, 26000005]","['Witch', 'Giant Snowball', 'Giant', 'Mini P.E.K.K.A', 'Bowler', 'Vines', 'Graveyard', 'Minions']",10150,100630,1652.5714285714287,630.1428571428571,4.142857142857143,11568.0,4411.0
9LPQVP0LY,VOU,G9R9GC20,Jfk 2.0,57000004,Oceania,"[27000000, 26000064, 26000018, 28000011, 26000021, 26000030, 26000010, 28000000]","['Cannon', 'Firecracker', 'Mini P.E.K.K.A', 'The Log', 'Hog Rider', 'Ice Spirit', 'Skeletons', 'Fireball']",10112,100630,937.7142857142857,402.2857142857143,2.7142857142857144,6564.0,2816.0
8J2JPGCJG,AnkhRebel23,G9R9GC20,Jfk 2.0,57000004,Oceania,"[26000064, 27000006, 28000004, 26000020, 28000011, 26000040, 28000000, 26000025]","['Firecracker', 'Tesla', 'Goblin Barrel', 'Giant Skeleton', 'The Log', 'Dart Goblin', 'Fireball', 'Guards']",10096,100630,1117.142857142857,295.0,3.5714285714285716,7820.0,2065.0
8Q8JLCVP0,Nova l WRLD❤️,G9R9GC20,Jfk 2.0,57000004,Oceania,"[26000050, 26000059, 26000018, 26000044, 28000015, 26000038, 28000016, 26000028]","['Royal Ghost', 'Royal Hogs', 'Mini P.E.K.K.A', 'Hunter', 'Barbarian Barrel', 'Ice Golem', 'Heal Spirit', 'Three Musketeers']",10090,100630,1166.4285714285713,579.1428571428571,4.142857142857143,8165.0,4054.0
UCY9PJG8G,USCG JAYDON P,G9R9GC20,Jfk 2.0,57000004,Oceania,"[28000017, 26000050, 26000072, 26000018, 27000000, 27000013, 26000030, 28000015]","['Giant Snowball', 'Royal Ghost', 'Archer Queen', 'Mini P.E.K.K.A', 'Cannon', 'Goblin Drill', 'Ice Spirit', 'Barbarian Barrel']",10062,100630,815.8333333333334,377.0,2.5,4895.0,2262.0
CV0GJ2U8P,sunny,G9R9GC20,Jfk 2.0,57000004,Oceania,"[27000002, 26000058, 26000014, 26000000, 26000084, 26000025, 28000011, 28000000]","['Mortar', 'Wall Breakers', 'Musketeer', 'Knight', 'Electro Spirit', 'Guards', 'The Log', 'Fireball']",10060,100630,969.0,433.14285714285717,3.142857142857143,6783.0,3032.0
PR2LJVJGP,Udel❤️U,G9R9GC20,Jfk 2.0,57000004,Oceania,"[26000024, 26000007, 26000011, 27000006, 26000064, 28000000, 26000035, 26000018]","['Royal Giant', 'Witch', 'Valkyrie', 'Tesla', 'Firecracker', 'Fireball', 'Lumberjack', 'Mini P.E.K.K.A']",10060,100630,1965.2857142857142,430.14285714285717,4.428571428571429,13757.0,3011.0
2PRJQQUL,ShadowSpank,G9R9GC20,Jfk 2.0,57000004,Oceania,"[26000007, 26000055, 26000064, 26000045, 26000010, 26000067, 26000021, 28000002]","['Witch', 'Mega Knight', 'Firecracker', 'Executioner', 'Skeletons', 'Elixir Golem', 'Hog Rider', 'Rage']",10060,100630,1789.142857142857,372.2857142857143,3.857142857142857,12524.0,2606.0
LQLUU9L98,kingofhearts,G9R9GC20,Jfk 2.0,57000004,Oceania,"[26000011, 26000064, 27000006, 26000035, 26000012, 26000006, 28000011, 28000026]","['Valkyrie', 'Firecracker', 'Tesla', 'Lumberjack', 'Skeleton Army', 'Balloon', 'The Log', 'Vines']",10060,100630,1366.0,709.1666666666666,3.6666666666666665,8196.0,4255.0
2QC28R2CJ,コロナビール,YYLR8G0C,THE ELITE,57000004,Oceania,"[26000044, 26000050, 26000074, 28000016, 26000038, 26000059, 26000028, 28000015]","['Hunter', 'Royal Ghost', 'Golden Knight', 'Heal Spirit', 'Ice Golem', 'Royal Hogs', 'Three Musketeers', 'Barbarian Barrel']",10467,100564,1060.1666666666667,516.5,4.166666666666667,6361.0,3099.0
VCJCQR,clamitropchaud,YYLR8G0C,THE ELITE,57000004,Oceania,"[26000017, 26000035, 26000099, 26000018, 28000011, 26000008, 28000008, 28000001]","['Wizard', 'Lumberjack', 'Goblinstein', 'Mini P.E.K.K.A', 'The Log', 'Barbarians', 'Zap', 'Arrows']",10260,100564,763.2857142857143,563.1428571428571,3.5714285714285716,5343.0,3942.0
U2GR82UJU,スコッティ,YYLR8G0C,THE ELITE,57000004,Oceania,"[27000012, 26000047, 26000059, 28000015, 28000000, 26000052, 26000057, 26000084]","['Goblin Cage', 'Royal Recruits', 'Royal Hogs', 'Barbarian Barrel', 'Fireball', 'Zappies', 'Flying Machine', 'Electro Spirit']",10250,100564,550.8571428571429,320.0,4.285714285714286,3856.0,2240.0
CCLL8R0,Jabs,YYLR8G0C,THE ELITE,57000004,Oceania,"[26000001, 27000006, 26000000, 27000008, 28000000, 26000010, 28000011, 26000030]","['Archers', 'Tesla', 'Knight', 'X-Bow', 'Fireball', 'Skeletons', 'The Log', 'Ice Spirit']",10242,100564,958.5,258.875,3.0,7668.0,2071.0
2QRLCVCC8,elgroovejamboy,YYLR8G0C,THE ELITE,57000004,Oceania,"[26000007, 28000017, 26000018, 26000003, 26000034, 28000026, 28000010, 26000005]","['Witch', 'Giant Snowball', 'Mini P.E.K.K.A', 'Giant', 'Bowler', 'Vines', 'Graveyard', 'Minions']",10206,100564,1652.5714285714287,630.1428571428571,4.142857142857143,11568.0,4411.0
20PJGLGLQ,TE｜⚡️ＳＵＮＦＬＯＷＥＲ,YYLR8G0C,THE ELITE,57000004,Oceania,"[26000012, 26000058, 26000069, 28000000, 26000040, 28000011, 27000013, 27000003]","['Skeleton Army', 'Wall Breakers', 'Skeleton King', 'Fireball', 'Dart Goblin', 'The Log', 'Goblin Drill', 'Inferno Tower']",10206,100564,687.0,636.0,3.1666666666666665,4122.0,3816.0
2Y8JYYJG,BCHOLOKO,YYLR8G0C,THE ELITE,57000004,Oceania,"[26000055, 28000004, 28000008, 26000012, 28000026, 27000003, 26000042, 26000041]","['Mega Knight', 'Goblin Barrel', 'Zap', 'Skeleton Army', 'Vines', 'Inferno Tower', 'Electro Wizard', 'Goblin Gang']",10149,100564,1328.7142857142858,537.4285714285714,3.857142857142857,9301.0,3762.0
22PGJYPYU,MstrGlass,YYLR8G0C,THE ELITE,57000004,Oceania,"[26000014, 26000010, 26000018, 26000021, 28000006, 27000006, 26000030, 28000011]","['Musketeer', 'Skeletons', 'Mini P.E.K.K.A', 'Hog Rider', 'Mirror', 'Tesla', 'Ice Spirit', 'The Log']",10144,100564,,,2.5,,
2YJGQYLR2,TE｜⚡️ＮＡＴＥ⚡️,YYLR8G0C,THE ELITE,57000004,Oceania,"[26000030, 27000000, 26000014, 26000021, 28000000, 26000010, 28000011, 26000038]","['Ice Spirit', 'Cannon', 'Musketeer', 'Hog Rider', 'Fireball', 'Skeletons', 'The Log', 'Ice Golem']",10120,100564,912.75,282.75,2.625,7302.0,2262.0
G9CPUUC,scrimpzz,YYLR8G0C,THE ELITE,57000004,Oceania,"[26000012, 26000058, 26000069, 28000000, 26000040, 28000011, 27000013, 27000003]","['Skeleton Army', 'Wall Breakers', 'Skeleton King', 'Fireball', 'Dart Goblin', 'The Log', 'Goblin Drill', 'Inferno Tower']",10060,100564,687.0,636.0,3.1666666666666665,4122.0,3816.0
UJ8R8YQV2,Plames,QV8LP0L9,AUSSIE AURA,57000004,Oceania,"[26000011, 26000064, 28000014, 27000006, 26000010, 26000030, 28000011, 26000021]","['Valkyrie', 'Firecracker', 'Earthquake', 'Tesla', 'Skeletons', 'Ice Spirit', 'The Log', 'Hog Rider']",10090,100353,1017.2857142857143,444.14285714285717,2.7142857142857144,7121.0,3109.0
PCGGJ0R2R,Miguel,QV8LP0L9,AUSSIE AURA,57000004,Oceania,"[26000056, 26000040, 26000018, 26000103, 28000011, 26000097, 26000030, 26000041]","['Skeleton Barrel', 'Dart Goblin', 'Mini P.E.K.K.A', 'Boss Bandit', 'The Log', 'Suspicious Bush', 'Ice Spirit', 'Goblin Gang']",10090,100353,642.5,418.8333333333333,2.6666666666666665,3855.0,2513.0
VCVCYYQP,_T1g3r,QV8LP0L9,AUSSIE AURA,57000004,Oceania,"[26000050, 26000036, 26000018, 28000009, 26000004, 26000042, 26000005, 28000008]","['Royal Ghost', 'Battle Ram', 'Mini P.E.K.K.A', 'Poison', 'P.E.K.K.A', 'Electro Wizard', 'Minions', 'Zap']",10081,100353,1475.375,504.25,3.875,11803.0,4034.0
C00JYGJUP,default,QV8LP0L9,AUSSIE AURA,57000004,Oceania,"[27000000, 26000014, 26000010, 26000018, 28000011, 26000021, 28000000, 26000030]","['Cannon', 'Musketeer', 'Skeletons', 'Mini P.E.K.K.A', 'The Log', 'Hog Rider', 'Fireball', 'Ice Spirit']",10067,100353,939.875,388.125,2.875,7519.0,3105.0
JVQ2RCQ8G,callywag05,QV8LP0L9,AUSSIE AURA,57000004,Oceania,"[27000010, 26000004, 26000018, 28000006, 26000060, 28000002, 28000024, 28000026]","['Furnace', 'P.E.K.K.A', 'Mini P.E.K.K.A', 'Mirror', 'Goblin Giant', 'Rage', 'Goblin Curse', 'Vines']",10064,100353,,,3.8333333333333335,,
L80CRY2RL,joe,QV8LP0L9,AUSSIE AURA,57000004,Oceania,"[26000064, 27000002, 26000069, 28000001, 26000005, 28000015, 26000041, 26000054]","['Firecracker', 'Mortar', 'Skeleton King', 'Arrows', 'Minions', 'Barbarian Barrel', 'Goblin Gang', 'Cannon Cart']",10060,100353,636.6666666666666,552.8333333333334,3.3333333333333335,3820.0,3317.0
U8299JUJJ,McCheezyNugget_,QV8LP0L9,AUSSIE AURA,57000004,Oceania,"[27000006, 26000064, 26000065, 28000014, 28000011, 26000010, 26000021, 26000030]","['Tesla', 'Firecracker', 'Mighty Miner', 'Earthquake', 'The Log', 'Skeletons', 'Hog Rider', 'Ice Spirit']",10060,100353,746.6666666666666,459.1666666666667,2.5,4480.0,2755.0
VQV2CGCCG,Ethan,QV8LP0L9,AUSSIE AURA,57000004,Oceania,"[26000055, 26000011, 27000000, 26000040, 26000021, 28000011, 26000010, 26000064]","['Mega Knight', 'Valkyrie', 'Cannon', 'Dart Goblin', 'Hog Rider', 'The Log', 'Skeletons', 'Firecracker']",10060,100353,1686.857142857143,323.57142857142856,3.4285714285714284,11808.0,2265.0
PJC98VU8P,heef,QV8LP0L9,AUSSIE AURA,57000004,Oceania,"[28000004, 26000011, 28000003, 26000041, 26000040, 27000003, 26000030, 28000011]","['Goblin Barrel', 'Valkyrie', 'Rocket', 'Goblin Gang', 'Dart Goblin', 'Inferno Tower', 'Ice Spirit', 'The Log']",10060,100353,782.5,529.5,3.375,6260.0,4236.0
GP0L0PR9L,ebombination,QV8LP0L9,AUSSIE AURA,57000004,Oceania,"[27000010, 28000017, 26000000, 26000010, 27000000, 28000003, 27000013, 28000018]","['Furnace', 'Giant Snowball', 'Knight', 'Skeletons', 'Cannon', 'Rocket', 'Goblin Drill', 'Royal Delivery']",10060,100353,584.0,513.1666666666666,3.1666666666666665,3504.0,3079.0
VLUV082J9,Artery,QPJ88U2J,Ball Breakers,57000005,Africa,"[27000002, 26000056, 26000069, 26000023, 28000001, 26000054, 26000041, 26000019]","['Mortar', 'Skeleton Barrel', 'Skeleton King', 'Ice Wizard', 'Arrows', 'Cannon Cart', 'Goblin Gang', 'Spear Goblins']",10151,100524,807.4285714285714,462.2857142857143,3.2857142857142856,5652.0,3236.0
YRCCJVG9C,swimfly23,QPJ88U2J,Ball Breakers,57000005,Africa,"[26000055, 26000007, 26000018, 26000027, 27000010, 26000067, 26000062, 26000035]","['Mega Knight', 'Witch', 'Mini P.E.K.K.A', 'Dark Prince', 'Furnace', 'Elixir Golem', 'Magic Archer', 'Lumberjack']",10150,100524,1655.0,517.25,4.375,13240.0,4138.0
PRPJ99YR,LeBalls,QPJ88U2J,Ball Breakers,57000005,Africa,"[26000055, 26000064, 26000018, 26000049, 28000011, 27000006, 26000021, 28000000]","['Mega Knight', 'Firecracker', 'Mini P.E.K.K.A', 'Bats', 'The Log', 'Tesla', 'Hog Rider', 'Fireball']",10147,100524,1696.857142857143,468.57142857142856,3.857142857142857,11878.0,3280.0
QLGGGUJJ,Alec,QPJ88U2J,Ball Breakers,57000005,Africa,"[26000015, 26000035, 26000009, 26000018, 28000007, 28000015, 26000005, 28000012]","['Baby Dragon', 'Lumberjack', 'Golem', 'Mini P.E.K.K.A', 'Lightning', 'Barbarian Barrel', 'Minions', 'Tornado']",10120,100524,1535.625,528.0,4.25,12285.0,4224.0
QR0009990,Muhmandeod,QPJ88U2J,Ball Breakers,57000005,Africa,"[26000047, 26000059, 26000057, 28000015, 27000012, 28000000, 26000052, 26000084]","['Royal Recruits', 'Royal Hogs', 'Flying Machine', 'Barbarian Barrel', 'Goblin Cage', 'Fireball', 'Zappies', 'Electro Spirit']",10090,100524,550.8571428571429,320.0,4.285714285714286,3856.0,2240.0
JQLGRQR,Faze John☺,QPJ88U2J,Ball Breakers,57000005,Africa,"[26000024, 26000011, 26000072, 26000023, 26000025, 28000000, 28000008, 26000021]","['Royal Giant', 'Valkyrie', 'Archer Queen', 'Ice Wizard', 'Guards', 'Fireball', 'Zap', 'Hog Rider']",10090,100524,1590.2857142857142,288.42857142857144,3.7142857142857144,11132.0,2019.0
RP9RYC920,BALLS,QPJ88U2J,Ball Breakers,57000005,Africa,"[26000007, 28000017, 26000018, 28000010, 26000003, 26000034, 26000005, 28000001]","['Witch', 'Giant Snowball', 'Mini P.E.K.K.A', 'Graveyard', 'Giant', 'Bowler', 'Minions', 'Arrows']",10064,100524,1446.0,600.0,4.0,11568.0,4800.0
CLLG8G9LP,Reno,QPJ88U2J,Ball Breakers,57000005,Africa,"[26000035, 26000044, 26000014, 26000006, 28000001, 26000030, 28000008, 26000019]","['Lumberjack', 'Hunter', 'Musketeer', 'Balloon', 'Arrows', 'Ice Spirit', 'Zap', 'Spear Goblins']",10060,100524,808.5,514.5,3.125,6468.0,4116.0
8GLGVL988,So High,QPJ88U2J,Ball Breakers,57000005,Africa,"[27000006, 26000030, 26000027, 26000032, 28000011, 28000018, 26000010, 28000003]","['Tesla', 'Ice Spirit', 'Dark Prince', 'Miner', 'The Log', 'Royal Delivery', 'Skeletons', 'Rocket']",10060,100524,550.8571428571429,717.7142857142857,3.0,3856.0,5024.0
9L8CL0G0,GʀɢMᴀɴɪ$ℍ,QPJ88U2J,Ball Breakers,57000005,Africa,"[26000064, 27000010, 26000018, 27000006, 26000003, 26000052, 28000011, 26000041]","['Firecracker', 'Furnace', 'Mini P.E.K.K.A', 'Tesla', 'Giant', 'Zappies', 'The Log', 'Goblin Gang']",10060,100524,1377.7142857142858,430.0,3.7142857142857144,9644.0,3010.0
88GCR8JVC,⚽️radecz❤,8JQV28GG,Mexican UnionJr,57000005,Africa,"[26000007, 26000047, 26000056, 26000043, 28000001, 26000058, 28000013, 26000057]","['Witch', 'Royal Recruits', 'Skeleton Barrel', 'Elite Barbarians', 'Arrows', 'Wall Breakers', 'Clone', 'Flying Machine']",10261,100053,,,4.125,,
UQVRUCLP0,Pantera24,8JQV28GG,Mexican UnionJr,57000005,Africa,"[28000008, 26000055, 26000019, 26000041, 26000032, 26000037, 26000056, 26000049]","['Zap', 'Mega Knight', 'Spear Goblins', 'Goblin Gang', 'Miner', 'Inferno Dragon', 'Skeleton Barrel', 'Bats']",10090,100053,1284.625,330.75,3.25,10277.0,2646.0
2RJJQ08GC,nauj,8JQV28GG,Mexican UnionJr,57000005,Africa,"[26000014, 26000010, 26000030, 27000000, 28000011, 26000038, 26000021, 28000000]","['Musketeer', 'Skeletons', 'Ice Spirit', 'Cannon', 'The Log', 'Ice Golem', 'Hog Rider', 'Fireball']",10090,100053,912.75,282.75,2.625,7302.0,2262.0
QRVJGUYC,Ryzer,8JQV28GG,Mexican UnionJr,57000005,Africa,"[26000015, 26000000, 26000093, 26000099, 28000009, 28000012, 26000023, 28000010]","['Baby Dragon', 'Knight', 'Little Prince', 'Goblinstein', 'Poison', 'Tornado', 'Ice Wizard', 'Graveyard']",10089,100053,1064.3333333333333,481.1666666666667,3.6666666666666665,6386.0,2887.0
Y9G0C0GVL,MĒPHĪSTŌ,8JQV28GG,Mexican UnionJr,57000005,Africa,"[26000012, 26000044, 26000031, 28000008, 26000006, 26000055, 26000062, 26000013]","['Skeleton Army', 'Hunter', 'Fire Spirit', 'Zap', 'Balloon', 'Mega Knight', 'Magic Archer', 'Bomber']",10060,100053,1449.2857142857142,747.7142857142857,4.0,10145.0,5234.0
LJUQ88C8,med khalil ch,8JQV28GG,Mexican UnionJr,57000005,Africa,"[26000059, 26000055, 26000007, 28000004, 28000011, 27000003, 26000011, 26000064]","['Royal Hogs', 'Mega Knight', 'Witch', 'Goblin Barrel', 'The Log', 'Inferno Tower', 'Valkyrie', 'Firecracker']",10060,100053,1817.857142857143,333.2857142857143,4.428571428571429,12725.0,2333.0
CCJGVQLJV,._.@,8JQV28GG,Mexican UnionJr,57000005,Africa,"[26000055, 27000006, 26000040, 26000019, 28000011, 28000002, 26000030, 26000004]","['Mega Knight', 'Tesla', 'Dart Goblin', 'Spear Goblins', 'The Log', 'Rage', 'Ice Spirit', 'P.E.K.K.A']",10060,100053,1576.625,344.25,3.5,12613.0,2754.0
8QRJ8L02L,kingkmf2,8JQV28GG,Mexican UnionJr,57000005,Africa,"[26000064, 26000055, 26000011, 26000001, 26000021, 28000000, 26000042, 26000025]","['Firecracker', 'Mega Knight', 'Valkyrie', 'Archers', 'Hog Rider', 'Fireball', 'Electro Wizard', 'Guards']",10060,100053,1821.0,312.14285714285717,4.142857142857143,12747.0,2185.0
GGVJVUQY0,Leon XXL,8JQV28GG,Mexican UnionJr,57000005,Africa,"[26000064, 28000017, 26000010, 26000030, 27000013, 28000011, 26000102, 27000000]","['Firecracker', 'Giant Snowball', 'Skeletons', 'Ice Spirit', 'Goblin Drill', 'The Log', 'Berserker', 'Cannon']",10030,100053,319.8,274.8,1.8,1599.0,1374.0
9YJJL8Q2L,david,8JQV28GG,Mexican UnionJr,57000005,Africa,"[26000004, 26000017, 26000103, 26000018, 28000001, 28000024, 26000021, 26000042]","['P.E.K.K.A', 'Wizard', 'Boss Bandit', 'Mini P.E.K.K.A', 'Arrows', 'Goblin Curse', 'Hog Rider', 'Electro Wizard']",10030,100053,1822.1666666666667,587.1666666666666,4.5,10933.0,3523.0
9QLU9VLGU,jacob,G8JV99C8,Clan #G8JV99C8,57000005,Africa,"[27000006, 26000001, 26000000, 26000010, 28000011, 27000008, 28000000, 26000084]","['Tesla', 'Archers', 'Knight', 'Skeletons', 'The Log', 'X-Bow', 'Fireball', 'Electro Spirit']",10303,99834,1051.857142857143,275.14285714285717,3.2857142857142856,7363.0,1926.0
P8J29CPU2,c8catch3,G8JV99C8,Clan #G8JV99C8,57000005,Africa,"[26000064, 26000055, 26000012, 28000001, 28000004, 26000049, 26000021, 27000006]","['Firecracker', 'Mega Knight', 'Skeleton Army', 'Arrows', 'Goblin Barrel', 'Bats', 'Hog Rider', 'Tesla']",10120,99834,1362.2857142857142,586.7142857142857,3.7142857142857144,9536.0,4107.0
8G2L8GUG9,duje,G8JV99C8,Clan #G8JV99C8,57000005,Africa,"[26000036, 26000040, 26000030, 26000010, 26000102, 26000038, 28000002, 28000026]","['Battle Ram', 'Dart Goblin', 'Ice Spirit', 'Skeletons', 'Berserker', 'Ice Golem', 'Rage', 'Vines']",10095,99834,592.1666666666666,182.0,2.1666666666666665,3553.0,1092.0
8CUJPYCCV,S1HB,G8JV99C8,Clan #G8JV99C8,57000005,Africa,"[26000064, 26000055, 26000015, 28000004, 28000011, 28000008, 26000018, 26000012]","['Firecracker', 'Mega Knight', 'Baby Dragon', 'Goblin Barrel', 'The Log', 'Zap', 'Mini P.E.K.K.A', 'Skeleton Army']",10090,99834,1307.857142857143,608.1428571428571,3.5714285714285716,9155.0,4257.0
YYJGYJC2V,JT1014,G8JV99C8,Clan #G8JV99C8,57000005,Africa,"[26000055, 26000064, 26000018, 26000012, 26000040, 26000058, 28000008, 26000032]","['Mega Knight', 'Firecracker', 'Mini P.E.K.K.A', 'Skeleton Army', 'Dart Goblin', 'Wall Breakers', 'Zap', 'Miner']",10060,99834,1367.857142857143,696.5714285714286,3.4285714285714284,9575.0,4876.0
8CJYYVVV,Anthony,G8JV99C8,Clan #G8JV99C8,57000005,Africa,"[28000008, 26000007, 26000003, 26000049, 26000033, 27000003, 28000000, 26000005]","['Zap', 'Witch', 'Giant', 'Bats', 'Sparky', 'Inferno Tower', 'Fireball', 'Minions']",10060,99834,1487.875,502.875,4.0,11903.0,4023.0
8PUYG9PP,Larry King,G8JV99C8,Clan #G8JV99C8,57000005,Africa,"[26000050, 26000044, 28000011, 26000010, 26000024, 26000084, 28000007, 26000061]","['Royal Ghost', 'Hunter', 'The Log', 'Skeletons', 'Royal Giant', 'Electro Spirit', 'Lightning', 'Fisherman']",10060,99834,1166.5714285714287,605.2857142857143,3.5714285714285716,8166.0,4237.0
PJ82PC9PV,keeeef,G8JV99C8,Clan #G8JV99C8,57000005,Africa,"[26000007, 26000055, 26000040, 26000056, 27000006, 26000000, 26000049, 28000001]","['Witch', 'Mega Knight', 'Dart Goblin', 'Skeleton Barrel', 'Tesla', 'Knight', 'Bats', 'Arrows']",10060,99834,1449.375,317.875,3.75,11595.0,2543.0
Y88LYU0GU,Chopstick,G8JV99C8,Clan #G8JV99C8,57000005,Africa,"[26000056, 27000006, 26000018, 26000014, 26000010, 26000040, 28000009, 28000011]","['Skeleton Barrel', 'Tesla', 'Mini P.E.K.K.A', 'Musketeer', 'Skeletons', 'Dart Goblin', 'Poison', 'The Log']",10033,99834,839.25,366.125,3.125,6714.0,2929.0
PVGLGQLP,cristiano7,G8JV99C8,Clan #G8JV99C8,57000005,Africa,"[26000064, 28000008, 26000018, 26000056, 26000010, 26000042, 26000055, 26000051]","['Firecracker', 'Zap', 'Mini P.E.K.K.A', 'Skeleton Barrel', 'Skeletons', 'Electro Wizard', 'Mega Knight', 'Ram Rider']",10030,99834,1641.4285714285713,389.0,3.7142857142857144,11490.0,2723.0
PVY0GPY88,Stargamer124™️,G22Q2L90,Slave,57000005,Africa,"[26000004, 27000000, 26000036, 28000008, 26000042, 26000062, 28000009, 26000046]","['P.E.K.K.A', 'Cannon', 'Battle Ram', 'Zap', 'Electro Wizard', 'Magic Archer', 'Poison', 'Bandit']",10185,99486,1408.0,378.625,3.875,11264.0,3029.0
JQVQJ2CQL,lemonpaint,G22Q2L90,Slave,57000005,Africa,"[26000000, 28000004, 26000093, 28000011, 26000026, 26000041, 28000000, 27000003]","['Knight', 'Goblin Barrel', 'Little Prince', 'The Log', 'Princess', 'Goblin Gang', 'Fireball', 'Inferno Tower']",10125,99486,919.5714285714286,345.85714285714283,3.2857142857142856,6437.0,2421.0
C9QP0R229,Sr.P!NG8N,G22Q2L90,Slave,57000005,Africa,"[26000058, 26000049, 26000093, 27000004, 28000009, 26000032, 28000011, 26000000]","['Wall Breakers', 'Bats', 'Little Prince', 'Bomb Tower', 'Poison', 'Miner', 'The Log', 'Knight']",10090,99486,1016.2857142857143,479.14285714285717,2.857142857142857,7114.0,3354.0
RL0PJ8YUV,Esteban,G22Q2L90,Slave,57000005,Africa,"[26000040, 26000035, 26000018, 26000014, 26000030, 26000006, 26000010, 28000011]","['Dart Goblin', 'Lumberjack', 'Mini P.E.K.K.A', 'Musketeer', 'Ice Spirit', 'Balloon', 'Skeletons', 'The Log']",10090,99486,929.875,481.125,3.0,7439.0,3849.0
2Q2V8VV,Elijah,G22Q2L90,Slave,57000005,Africa,"[26000055, 26000024, 26000013, 27000006, 28000008, 26000038, 26000045, 26000031]","['Mega Knight', 'Royal Giant', 'Bomber', 'Tesla', 'Zap', 'Ice Golem', 'Executioner', 'Fire Spirit']",10089,99486,2089.5714285714284,383.2857142857143,4.142857142857143,14627.0,2683.0
RVLLQJ,Blazing Light,G22Q2L90,Slave,57000005,Africa,"[26000011, 26000015, 26000039, 26000006, 28000000, 28000026, 27000009, 26000029]","['Valkyrie', 'Baby Dragon', 'Mega Minion', 'Balloon', 'Fireball', 'Vines', 'Tombstone', 'Lava Hound']",10086,99486,1946.4285714285713,377.57142857142856,4.285714285714286,13625.0,2643.0
G29LVRPPY,I MOG YOU,G22Q2L90,Slave,57000005,Africa,"[26000055, 26000040, 28000004, 26000103, 26000042, 28000001, 26000030, 26000041]","['Mega Knight', 'Dart Goblin', 'Goblin Barrel', 'Boss Bandit', 'Electro Wizard', 'Arrows', 'Ice Spirit', 'Goblin Gang']",10060,99486,1075.0,360.85714285714283,3.4285714285714284,7525.0,2526.0
C0GQPQ9RP,The big Pig,G22Q2L90,Slave,57000005,Africa,"[26000047, 27000000, 26000018, 26000059, 28000015, 26000057, 28000001, 26000052]","['Royal Recruits', 'Cannon', 'Mini P.E.K.K.A', 'Royal Hogs', 'Barbarian Barrel', 'Flying Machine', 'Arrows', 'Zappies']",10030,99486,741.625,441.375,4.0,5933.0,3531.0
CYP88LJUG,Vaden,G22Q2L90,Slave,57000005,Africa,"[26000056, 27000002, 26000054, 26000041, 26000023, 28000011, 26000049, 26000102]","['Skeleton Barrel', 'Mortar', 'Cannon Cart', 'Goblin Gang', 'Ice Wizard', 'The Log', 'Bats', 'Berserker']",10030,99486,797.7142857142857,492.42857142857144,3.142857142857143,5584.0,3447.0
LY0RPC82L,matty,G22Q2L90,Slave,57000005,Africa,"[26000064, 26000000, 26000021, 26000030, 28000014, 26000007, 27000006, 28000011]","['Firecracker', 'Knight', 'Hog Rider', 'Ice Spirit', 'Earthquake', 'Witch', 'Tesla', 'The Log']",10030,99486,1098.857142857143,435.57142857142856,3.142857142857143,7692.0,3049.0
R0V82LL2U,JuanD,LU0RVYQQ,DLC LEAGUE,57000005,Africa,"[28000004, 26000058, 26000018, 27000010, 28000025, 26000055, 26000013, 28000001]","['Goblin Barrel', 'Wall Breakers', 'Mini P.E.K.K.A', 'Furnace', 'Spirit Empress', 'Mega Knight', 'Bomber', 'Arrows']",10152,99464,1203.7142857142858,555.0,3.7142857142857144,8426.0,3885.0
PQRRGQY0J,MarkTg,LU0RVYQQ,DLC LEAGUE,57000005,Africa,"[26000000, 27000006, 26000014, 26000021, 28000000, 26000010, 28000011, 26000030]","['Knight', 'Tesla', 'Musketeer', 'Hog Rider', 'Fireball', 'Skeletons', 'The Log', 'Ice Spirit']",10094,99464,1033.0,306.875,2.875,8264.0,2455.0
2GQQQPV00,josegab21,LU0RVYQQ,DLC LEAGUE,57000005,Africa,"[26000029, 28000008, 26000018, 28000002, 26000005, 26000039, 26000006, 28000018]","['Lava Hound', 'Zap', 'Mini P.E.K.K.A', 'Rage', 'Minions', 'Mega Minion', 'Balloon', 'Royal Delivery']",10087,99464,1497.7142857142858,481.57142857142856,3.7142857142857144,10484.0,3371.0
JYQYGVGRR,VASQUITO,LU0RVYQQ,DLC LEAGUE,57000005,Africa,"[26000056, 27000002, 26000005, 26000053, 26000010, 26000040, 28000000, 28000015]","['Skeleton Barrel', 'Mortar', 'Minions', 'Rascals', 'Skeletons', 'Dart Goblin', 'Fireball', 'Barbarian Barrel']",10060,99464,579.625,254.125,3.125,4637.0,2033.0
PL222QC2,Masteroyale,LU0RVYQQ,DLC LEAGUE,57000005,Africa,"[26000010, 27000000, 26000072, 26000020, 26000021, 26000030, 28000011, 28000014]","['Skeletons', 'Cannon', 'Archer Queen', 'Giant Skeleton', 'Hog Rider', 'Ice Spirit', 'The Log', 'Earthquake']",10060,99464,1227.5714285714287,427.42857142857144,2.857142857142857,8593.0,2992.0
2U22C9G29,Chesco07,LU0RVYQQ,DLC LEAGUE,57000005,Africa,"[26000055, 26000045, 26000046, 26000042, 28000000, 28000011, 26000021, 26000049]","['Mega Knight', 'Executioner', 'Bandit', 'Electro Wizard', 'Fireball', 'The Log', 'Hog Rider', 'Bats']",10030,99464,1527.875,425.125,3.875,12223.0,3401.0
YYV92PL2V,-GRZ-,LU0RVYQQ,DLC LEAGUE,57000005,Africa,"[26000064, 27000000, 26000041, 26000021, 28000011, 26000030, 26000011, 28000014]","['Firecracker', 'Cannon', 'Goblin Gang', 'Hog Rider', 'The Log', 'Ice Spirit', 'Valkyrie', 'Earthquake']",10030,99464,1008.2857142857143,491.42857142857144,2.857142857142857,7058.0,3440.0
9UUPVLQ2V,roncarlos,LU0RVYQQ,DLC LEAGUE,57000005,Africa,"[28000017, 26000063, 26000000, 28000015, 26000034, 28000000, 27000013, 27000000]","['Giant Snowball', 'Electro Dragon', 'Knight', 'Barbarian Barrel', 'Bowler', 'Fireball', 'Goblin Drill', 'Cannon']",10030,99464,1158.857142857143,291.2857142857143,3.4285714285714284,8112.0,2039.0
PGR8YCJPJ,Mateo,LU0RVYQQ,DLC LEAGUE,57000005,Africa,"[26000001, 26000055, 26000102, 26000043, 28000000, 28000004, 28000008, 26000039]","['Archers', 'Mega Knight', 'Berserker', 'Elite Barbarians', 'Fireball', 'Goblin Barrel', 'Zap', 'Mega Minion']",10030,99464,1360.5714285714287,437.85714285714283,4.0,9524.0,3065.0
PRRVP8UQ,MauricioAB1729,LU0RVYQQ,DLC LEAGUE,57000005,Africa,"[26000064, 27000000, 26000011, 26000018, 28000002, 26000006, 26000041, 28000001]","['Firecracker', 'Cannon', 'Valkyrie', 'Mini P.E.K.K.A', 'Rage', 'Balloon', 'Goblin Gang', 'Arrows']",10000,99464,1177.2857142857142,561.4285714285714,3.4285714285714284,8241.0,3930.0
GU0JGPU9,Dotarachi,YGJJLY88,The poptarts,57000006,International,"[26000060, 28000008, 26000018, 26000033, 26000027, 28000016, 26000042, 28000002]","['Goblin Giant', 'Zap', 'Mini P.E.K.K.A', 'Sparky', 'Dark Prince', 'Heal Spirit', 'Electro Wizard', 'Rage']",10701,103028,1308.0,736.0,4.0,9156.0,5152.0
9LR9298GJ,$ LEON $,YGJJLY88,The poptarts,57000006,International,"[26000058, 26000055, 26000072, 26000016, 26000005, 26000046, 28000001, 28000008]","['Wall Breakers', 'Mega Knight', 'Archer Queen', 'Prince', 'Minions', 'Bandit', 'Arrows', 'Zap']",10639,103028,1399.7142857142858,493.42857142857144,3.5714285714285716,9798.0,3454.0
LUGLLY9UP,=) deymar ;),YGJJLY88,The poptarts,57000006,International,"[26000055, 26000011, 26000006, 26000037, 26000007, 26000016, 26000042, 28000005]","['Mega Knight', 'Valkyrie', 'Balloon', 'Inferno Dragon', 'Witch', 'Prince', 'Electro Wizard', 'Freeze']",10495,103028,2080.0,407.5,4.75,16640.0,3260.0
LL8VU90L,voltex✨,YGJJLY88,The poptarts,57000006,International,"[26000024, 26000050, 26000044, 26000061, 26000010, 26000084, 28000000, 28000015]","['Royal Giant', 'Royal Ghost', 'Hunter', 'Fisherman', 'Skeletons', 'Electro Spirit', 'Fireball', 'Barbarian Barrel']",10480,103028,1297.0,438.57142857142856,3.2857142857142856,9079.0,3070.0
200JYQUJC8,Ðr ツ『Ø.M.Ä.Ř』,YGJJLY88,The poptarts,57000006,International,"[28000004, 26000058, 26000000, 27000000, 26000040, 28000003, 26000030, 28000011]","['Goblin Barrel', 'Wall Breakers', 'Knight', 'Cannon', 'Dart Goblin', 'Rocket', 'Ice Spirit', 'The Log']",10473,103028,593.875,617.875,2.875,4751.0,4943.0
JPRQ2UV09,Shanks,YGJJLY88,The poptarts,57000006,International,"[26000010, 27000000, 26000014, 26000000, 26000021, 28000000, 26000030, 28000011]","['Skeletons', 'Cannon', 'Musketeer', 'Knight', 'Hog Rider', 'Fireball', 'Ice Spirit', 'The Log']",10471,103028,990.625,302.125,2.75,7925.0,2417.0
89LPRC2Q0,》¥oshi453《,YGJJLY88,The poptarts,57000006,International,"[26000064, 26000000, 28000014, 26000010, 28000011, 26000021, 26000030, 27000000]","['Firecracker', 'Knight', 'Earthquake', 'Skeletons', 'The Log', 'Hog Rider', 'Ice Spirit', 'Cannon']",10447,103028,907.2857142857143,426.2857142857143,2.4285714285714284,6351.0,2984.0
RV0VRGQJP,battle,YGJJLY88,The poptarts,57000006,International,"[26000055, 26000045, 26000000, 26000021, 26000041, 28000001, 28000007, 26000030]","['Mega Knight', 'Executioner', 'Knight', 'Hog Rider', 'Goblin Gang', 'Arrows', 'Lightning', 'Ice Spirit']",10358,103028,1494.625,560.875,4.0,11957.0,4487.0
2VYU9Y92,Eric Lahoz,YGJJLY88,The poptarts,57000006,International,"[27000002, 26000056, 26000018, 26000054, 28000000, 26000041, 26000023, 28000015]","['Mortar', 'Skeleton Barrel', 'Mini P.E.K.K.A', 'Cannon Cart', 'Fireball', 'Goblin Gang', 'Ice Wizard', 'Barbarian Barrel']",10320,103028,1024.125,511.75,3.5,8193.0,4094.0
Q9LQ2J2,Clash scribe,YGJJLY88,The poptarts,57000006,International,"[26000001, 26000060, 26000069, 26000083, 26000047, 26000061, 28000000, 28000001]","['Archers', 'Goblin Giant', 'Skeleton King', 'Mother Witch', 'Royal Recruits', 'Fisherman', 'Fireball', 'Arrows']",10318,103028,1180.6666666666667,364.5,4.333333333333333,7084.0,2187.0
J8R89YC8,Hunter,L92Q2YQU,Fast,57000006,International,"[28000017, 26000010, 26000018, 26000072, 27000007, 26000084, 28000011, 27000008]","['Giant Snowball', 'Skeletons', 'Mini P.E.K.K.A', 'Archer Queen', 'Elixir Collector', 'Electro Spirit', 'The Log', 'X-Bow']",10549,102254,686.0,326.5,3.5,4116.0,1959.0
8LV9JUL,Classy,L92Q2YQU,Fast,57000006,International,"[26000012, 26000024, 26000069, 26000061, 28000000, 28000011, 26000083, 26000052]","['Skeleton Army', 'Royal Giant', 'Skeleton King', 'Fisherman', 'Fireball', 'The Log', 'Mother Witch', 'Zappies']",10500,102254,1178.5,553.6666666666666,3.6666666666666665,7071.0,3322.0
PVVVVC2QQ,12me,L92Q2YQU,Fast,57000006,International,"[26000024, 26000044, 26000077, 26000084, 26000061, 28000015, 26000010, 28000000]","['Royal Giant', 'Hunter', 'Monk', 'Electro Spirit', 'Fisherman', 'Barbarian Barrel', 'Skeletons', 'Fireball']",10413,102254,1246.5,454.1666666666667,3.3333333333333335,7479.0,2725.0
88YPJ0PUC,Omar M.,L92Q2YQU,Fast,57000006,International,"[26000055, 26000037, 26000042, 26000046, 26000004, 26000049, 28000007, 28000001]","['Mega Knight', 'Inferno Dragon', 'Electro Wizard', 'Bandit', 'P.E.K.K.A', 'Bats', 'Lightning', 'Arrows']",10408,102254,1778.25,546.875,4.5,14226.0,4375.0
LU8GVULCG,Abhi,L92Q2YQU,Fast,57000006,International,"[26000060, 26000047, 26000018, 28000001, 28000002, 26000042, 26000033, 26000041]","['Goblin Giant', 'Royal Recruits', 'Mini P.E.K.K.A', 'Arrows', 'Rage', 'Electro Wizard', 'Sparky', 'Goblin Gang']",10377,102254,1192.5,630.25,4.375,9540.0,5042.0
VULVCPRC,Ansil,L92Q2YQU,Fast,57000006,International,"[26000045, 26000011, 26000103, 28000002, 26000018, 26000042, 26000054, 28000026]","['Executioner', 'Valkyrie', 'Boss Bandit', 'Rage', 'Mini P.E.K.K.A', 'Electro Wizard', 'Cannon Cart', 'Vines']",10321,102254,1350.1666666666667,602.6666666666666,4.0,8101.0,3616.0
CG980CR,Gally議案と,L92Q2YQU,Fast,57000006,International,"[26000063, 28000008, 26000018, 26000003, 28000000, 26000039, 28000011, 26000032]","['Electro Dragon', 'Zap', 'Mini P.E.K.K.A', 'Giant', 'Fireball', 'Mega Minion', 'The Log', 'Miner']",10301,102254,1489.25,396.625,3.5,11914.0,3173.0
898GUVQVR,Raven,L92Q2YQU,Fast,57000006,International,"[26000012, 26000058, 26000032, 26000102, 28000018, 28000009, 27000003, 28000011]","['Skeleton Army', 'Wall Breakers', 'Miner', 'Berserker', 'Royal Delivery', 'Poison', 'Inferno Tower', 'The Log']",10298,102254,904.0,654.6666666666666,3.1666666666666665,5424.0,3928.0
PLR02RVG8,=★The Star★=,L92Q2YQU,Fast,57000006,International,"[26000024, 26000044, 26000010, 26000061, 28000007, 26000050, 26000084, 28000011]","['Royal Giant', 'Hunter', 'Skeletons', 'Fisherman', 'Lightning', 'Royal Ghost', 'Electro Spirit', 'The Log']",10297,102254,1166.5714285714287,605.2857142857143,3.5714285714285716,8166.0,4237.0
PUQVCG80,Gaming,L92Q2YQU,Fast,57000006,International,"[28000004, 26000040, 26000065, 26000053, 26000041, 27000000, 28000011, 26000026]","['Goblin Barrel', 'Dart Goblin', 'Mighty Miner', 'Rascals', 'Goblin Gang', 'Cannon', 'The Log', 'Princess']",10234,102254,361.0,315.0,3.142857142857143,2527.0,2205.0
QP9J828C,KS,QYGL80RR,Sunlight,57000006,International,"[26000015, 26000011, 26000018, 26000074, 26000005, 26000009, 28000015, 28000026]","['Baby Dragon', 'Valkyrie', 'Mini P.E.K.K.A', 'Golden Knight', 'Minions', 'Golem', 'Barbarian Barrel', 'Vines']",10819,102091,2205.0,439.1666666666667,4.166666666666667,13230.0,2635.0
2GLR9RY8V,RyZeツ,QYGL80RR,Sunlight,57000006,International,"[26000056, 27000002, 26000000, 28000000, 26000040, 26000005, 26000010, 28000015]","['Skeleton Barrel', 'Mortar', 'Knight', 'Fireball', 'Dart Goblin', 'Minions', 'Skeletons', 'Barbarian Barrel']",10622,102091,855.875,287.5,2.875,6847.0,2300.0
RVYYRPC20,Stefix Light,QYGL80RR,Sunlight,57000006,International,"[27000000, 26000010, 26000014, 26000021, 28000011, 28000000, 26000030, 26000038]","['Cannon', 'Skeletons', 'Musketeer', 'Hog Rider', 'The Log', 'Fireball', 'Ice Spirit', 'Ice Golem']",10585,102091,912.75,282.75,2.625,7302.0,2262.0
GJC9PY2U,paauks,QYGL80RR,Sunlight,57000006,International,"[26000011, 26000012, 28000026, 26000005, 26000029, 28000025, 27000009, 28000000]","['Valkyrie', 'Skeleton Army', 'Vines', 'Minions', 'Lava Hound', 'Spirit Empress', 'Tombstone', 'Fireball']",10566,102091,1501.1666666666667,461.8333333333333,4.0,9007.0,2771.0
JQ8CJGRJ,Trainer Besart,QYGL80RR,Sunlight,57000006,International,"[27000006, 26000030, 26000032, 28000003, 26000027, 26000010, 28000018, 28000011]","['Tesla', 'Ice Spirit', 'Miner', 'Rocket', 'Dark Prince', 'Skeletons', 'Royal Delivery', 'The Log']",10500,102091,550.8571428571429,717.7142857142857,3.0,3856.0,5024.0
20PRP9Q9,Marcos Nacional,QYGL80RR,Sunlight,57000006,International,"[26000010, 26000045, 26000074, 26000103, 26000021, 26000018, 28000026, 28000017]","['Skeletons', 'Executioner', 'Golden Knight', 'Boss Bandit', 'Hog Rider', 'Mini P.E.K.K.A', 'Vines', 'Giant Snowball']",10498,102091,1138.0,554.4,3.2,5690.0,2772.0
C82P0YQLR,Kun丨墨染雪殇❄️奶茶✨,QYGL80RR,Sunlight,57000006,International,"[28000008, 26000013, 26000018, 26000003, 28000001, 28000026, 26000027, 26000039]","['Zap', 'Bomber', 'Mini P.E.K.K.A', 'Giant', 'Arrows', 'Vines', 'Dark Prince', 'Mega Minion']",10358,102091,1299.5714285714287,632.0,3.4285714285714284,9097.0,4424.0
C9YUR2GQ9,Allen,QYGL80RR,Sunlight,57000006,International,"[26000007, 28000017, 26000018, 26000003, 28000010, 26000034, 26000005, 28000026]","['Witch', 'Giant Snowball', 'Mini P.E.K.K.A', 'Giant', 'Graveyard', 'Bowler', 'Minions', 'Vines']",10243,102091,1652.5714285714287,630.1428571428571,4.142857142857143,11568.0,4411.0
U2QC8JLPV,evo nw,QYGL80RR,Sunlight,57000006,International,"[26000007, 26000050, 26000018, 26000005, 26000003, 26000033, 28000012, 28000026]","['Witch', 'Royal Ghost', 'Mini P.E.K.K.A', 'Minions', 'Giant', 'Sparky', 'Tornado', 'Vines']",10239,102091,1709.7142857142858,625.2857142857143,4.142857142857143,11968.0,4377.0
C0C82VVP9,TEF ｜曹雨❤️律师kun,QYGL80RR,Sunlight,57000006,International,"[28000008, 26000013, 26000074, 26000003, 26000039, 26000018, 26000014, 28000000]","['Zap', 'Bomber', 'Golden Knight', 'Giant', 'Mega Minion', 'Mini P.E.K.K.A', 'Musketeer', 'Fireball']",10212,102091,1521.0,428.7142857142857,3.5714285714285716,10647.0,3001.0
U0U9YQRJ,若い ㅣ Turc,GCRJLULL,Junkyard,57000006,International,"[26000015, 26000063, 26000018, 26000077, 26000068, 28000012, 28000015, 26000067]","['Baby Dragon', 'Electro Dragon', 'Mini P.E.K.K.A', 'Monk', 'Battle Healer', 'Tornado', 'Barbarian Barrel', 'Elixir Golem']",10711,102039,1167.8333333333333,379.6666666666667,3.5,7007.0,2278.0
PYRPL90P2,SOMEONE,GCRJLULL,Junkyard,57000006,International,"[26000050, 26000056, 26000040, 26000097, 26000058, 26000010, 26000030, 28000011]","['Royal Ghost', 'Skeleton Barrel', 'Dart Goblin', 'Suspicious Bush', 'Wall Breakers', 'Skeletons', 'Ice Spirit', 'The Log']",10676,102039,544.7142857142857,401.42857142857144,2.142857142857143,3813.0,2810.0
9C2U9LLU,WelfareCheckx,GCRJLULL,Junkyard,57000006,International,"[26000050, 28000008, 26000074, 28000016, 26000038, 27000007, 26000043, 26000028]","['Royal Ghost', 'Zap', 'Golden Knight', 'Heal Spirit', 'Ice Golem', 'Elixir Collector', 'Elite Barbarians', 'Three Musketeers']",10527,102039,949.0,423.3333333333333,4.666666666666667,5694.0,2540.0
QULG22JPG,josh_,GCRJLULL,Junkyard,57000006,International,"[26000001, 27000006, 26000000, 26000010, 27000008, 28000000, 26000030, 28000011]","['Archers', 'Tesla', 'Knight', 'Skeletons', 'X-Bow', 'Fireball', 'Ice Spirit', 'The Log']",10486,102039,958.5,258.875,3.0,7668.0,2071.0
2L9JRVLC,BLATRIX,GCRJLULL,Junkyard,57000006,International,"[26000058, 28000004, 26000102, 28000003, 27000000, 26000040, 26000030, 26000011]","['Wall Breakers', 'Goblin Barrel', 'Berserker', 'Rocket', 'Cannon', 'Dart Goblin', 'Ice Spirit', 'Valkyrie']",10416,102039,740.2857142857143,663.7142857142857,3.142857142857143,5182.0,4646.0
R90PRV0PY,Ryley,GCRJLULL,Junkyard,57000006,International,"[26000010, 26000058, 26000018, 28000011, 26000005, 27000000, 28000009, 26000032]","['Skeletons', 'Wall Breakers', 'Mini P.E.K.K.A', 'The Log', 'Minions', 'Cannon', 'Poison', 'Miner']",10328,102039,800.125,525.375,2.75,6401.0,4203.0
2LRR09PVG,TikTok Ruemz,GCRJLULL,Junkyard,57000006,International,"[26000007, 28000017, 28000024, 26000020, 27000001, 26000005, 26000102, 28000010]","['Witch', 'Giant Snowball', 'Goblin Curse', 'Giant Skeleton', 'Goblin Hut', 'Minions', 'Berserker', 'Graveyard']",10259,102039,1073.8333333333333,502.1666666666667,4.333333333333333,6443.0,3013.0
Y2YC009U,Wolly Greenwood,GCRJLULL,Junkyard,57000006,International,"[26000056, 27000002, 26000018, 26000054, 28000000, 26000041, 26000023, 28000015]","['Skeleton Barrel', 'Mortar', 'Mini P.E.K.K.A', 'Cannon Cart', 'Fireball', 'Goblin Gang', 'Ice Wizard', 'Barbarian Barrel']",10238,102039,1024.125,511.75,3.5,8193.0,4094.0
99082R9G,eddie,GCRJLULL,Junkyard,57000006,International,"[26000049, 26000030, 26000018, 28000003, 28000011, 26000021, 26000038, 26000026]","['Bats', 'Ice Spirit', 'Mini P.E.K.K.A', 'Rocket', 'The Log', 'Hog Rider', 'Ice Golem', 'Princess']",10180,102039,799.625,593.5,3.0,6397.0,4748.0
9Y0CJYCG,miner?,GCRJLULL,Junkyard,57000006,International,"[26000045, 28000017, 26000103, 26000018, 26000051, 28000026, 26000013, 28000015]","['Executioner', 'Giant Snowball', 'Boss Bandit', 'Mini P.E.K.K.A', 'Ram Rider', 'Vines', 'Bomber', 'Barbarian Barrel']",10180,102039,1051.3333333333333,518.0,3.5,6308.0,3108.0
P89P8R2RG,Winner :),GP2CP9L9,Atrion,57000006,International,"[26000015, 26000004, 26000006, 26000080, 28000001, 28000005, 26000010, 26000035]","['Baby Dragon', 'P.E.K.K.A', 'Balloon', 'Skeleton Dragons', 'Arrows', 'Freeze', 'Skeletons', 'Lumberjack']",10458,101924,1551.4285714285713,521.7142857142857,4.0,10860.0,3652.0
JGC2LL8LQ,ㄥ卂ㄩ尺乇,GP2CP9L9,Atrion,57000006,International,"[27000000, 26000064, 26000065, 26000021, 26000010, 28000015, 28000014, 26000084]","['Cannon', 'Firecracker', 'Mighty Miner', 'Hog Rider', 'Skeletons', 'Barbarian Barrel', 'Earthquake', 'Electro Spirit']",10326,101924,767.2,496.8,2.6,3836.0,2484.0
9JJP0LRQ,Clasher,GP2CP9L9,Atrion,57000006,International,"[26000007, 26000015, 26000018, 27000007, 28000015, 26000102, 26000009, 28000026]","['Witch', 'Baby Dragon', 'Mini P.E.K.K.A', 'Elixir Collector', 'Barbarian Barrel', 'Berserker', 'Golem', 'Vines']",10313,101924,1899.0,371.1666666666667,4.833333333333333,11394.0,2227.0
CU29UQU2,نبا حمودي,GP2CP9L9,Atrion,57000006,International,"[26000055, 26000045, 26000022, 26000021, 26000011, 26000012, 26000046, 28000001]","['Mega Knight', 'Executioner', 'Minion Horde', 'Hog Rider', 'Valkyrie', 'Skeleton Army', 'Bandit', 'Arrows']",10299,101924,1664.0,627.875,4.25,13312.0,5023.0
GRRC8Y8Q9,☬armrlﾒ☬,GP2CP9L9,Atrion,57000006,International,"[27000000, 26000059, 26000072, 26000030, 28000014, 26000010, 28000018, 28000011]","['Cannon', 'Royal Hogs', 'Archer Queen', 'Ice Spirit', 'Earthquake', 'Skeletons', 'Royal Delivery', 'The Log']",10295,101924,500.3333333333333,442.0,2.5,3002.0,2652.0
RGJ0JCPC,ElectroWizard,GP2CP9L9,Atrion,57000006,International,"[26000000, 26000060, 26000033, 26000018, 28000001, 26000039, 28000008, 28000002]","['Knight', 'Goblin Giant', 'Sparky', 'Mini P.E.K.K.A', 'Arrows', 'Mega Minion', 'Zap', 'Rage']",10273,101924,1401.625,533.875,3.625,11213.0,4271.0
U0JLYVCLV,Teeqz✨特雷弗,GP2CP9L9,Atrion,57000006,International,"[26000001, 27000006, 26000084, 28000000, 27000008, 28000011, 26000000, 26000010]","['Archers', 'Tesla', 'Electro Spirit', 'Fireball', 'X-Bow', 'The Log', 'Knight', 'Skeletons']",10238,101924,1051.857142857143,275.14285714285717,3.2857142857142856,7363.0,1926.0
CVPV00CV9,Ag,GP2CP9L9,Atrion,57000006,International,"[26000050, 26000024, 26000072, 28000011, 26000061, 28000000, 26000084, 26000010]","['Royal Ghost', 'Royal Giant', 'Archer Queen', 'The Log', 'Fisherman', 'Fireball', 'Electro Spirit', 'Skeletons']",10226,101924,1328.1666666666667,339.1666666666667,3.1666666666666665,7969.0,2035.0
LYPQ2UR08,Yishay,GP2CP9L9,Atrion,57000006,International,"[28000004, 26000058, 26000102, 26000011, 26000030, 27000000, 26000031, 26000040]","['Goblin Barrel', 'Wall Breakers', 'Berserker', 'Valkyrie', 'Ice Spirit', 'Cannon', 'Fire Spirit', 'Dart Goblin']",10210,101924,863.6666666666666,446.5,2.6666666666666665,5182.0,2679.0
L2Y2PYV2,KÖNIGSGOTT,GP2CP9L9,Atrion,57000006,International,"[26000007, 26000047, 26000018, 26000014, 28000001, 26000041, 26000040, 26000042]","['Witch', 'Royal Recruits', 'Mini P.E.K.K.A', 'Musketeer', 'Arrows', 'Goblin Gang', 'Dart Goblin', 'Electro Wizard']",10207,101924,732.5,481.125,4.125,5860.0,3849.0
9JV9RP0L,Clasher,PULVJ0,Aristocracy,57000007,Afghanistan,"[26000037, 26000011, 26000006, 28000002, 26000000, 28000003, 28000015, 27000009]","['Inferno Dragon', 'Valkyrie', 'Balloon', 'Rage', 'Knight', 'Rocket', 'Barbarian Barrel', 'Tombstone']",10237,100377,1098.625,525.5,3.625,8789.0,4204.0
8RJJVYR8J,女女M,PULVJ0,Aristocracy,57000007,Afghanistan,"[26000055, 26000036, 26000062, 26000042, 26000046, 26000049, 28000008, 28000009]","['Mega Knight', 'Battle Ram', 'Magic Archer', 'Electro Wizard', 'Bandit', 'Bats', 'Zap', 'Poison']",10152,100377,1310.5,322.0,3.75,10484.0,2576.0
P880G8RQ,Abraham Lincohn,PULVJ0,Aristocracy,57000007,Afghanistan,"[27000006, 26000010, 26000014, 28000000, 26000032, 28000011, 26000038, 26000006]","['Tesla', 'Skeletons', 'Musketeer', 'Fireball', 'Miner', 'The Log', 'Ice Golem', 'Balloon']",10119,100377,1114.25,407.75,3.125,8914.0,3262.0
2J2YG0LQG,zakchamp,PULVJ0,Aristocracy,57000007,Afghanistan,"[26000011, 26000007, 26000103, 28000005, 26000035, 26000043, 28000001, 28000011]","['Valkyrie', 'Witch', 'Boss Bandit', 'Freeze', 'Lumberjack', 'Elite Barbarians', 'Arrows', 'The Log']",10090,100377,1021.5714285714286,402.0,4.0,7151.0,2814.0
22J88RCPU,Chubs,PULVJ0,Aristocracy,57000007,Afghanistan,"[28000008, 26000017, 26000018, 26000007, 26000016, 26000021, 26000026, 28000010]","['Zap', 'Wizard', 'Mini P.E.K.K.A', 'Witch', 'Prince', 'Hog Rider', 'Princess', 'Graveyard']",10060,100377,1201.625,602.75,4.125,9613.0,4822.0
2JCYC8V00,bannaboy,PULVJ0,Aristocracy,57000007,Afghanistan,"[26000059, 28000015, 28000000, 27000012, 26000047, 26000052, 26000057, 26000030]","['Royal Hogs', 'Barbarian Barrel', 'Fireball', 'Goblin Cage', 'Royal Recruits', 'Zappies', 'Flying Machine', 'Ice Spirit']",10060,100377,520.125,298.125,3.875,4161.0,2385.0
889PUUPL0,<c5>GDK,PULVJ0,Aristocracy,57000007,Afghanistan,"[26000064, 26000011, 28000011, 28000014, 26000010, 26000084, 26000021, 27000006]","['Firecracker', 'Valkyrie', 'The Log', 'Earthquake', 'Skeletons', 'Electro Spirit', 'Hog Rider', 'Tesla']",10060,100377,1136.0,494.0,3.0,6816.0,2964.0
29Y0P80Q,Manda,PULVJ0,Aristocracy,57000007,Afghanistan,"[26000050, 26000036, 28000002, 26000062, 28000000, 26000004, 26000042, 26000046]","['Royal Ghost', 'Battle Ram', 'Rage', 'Magic Archer', 'Fireball', 'P.E.K.K.A', 'Electro Wizard', 'Bandit']",10059,100377,1453.875,354.625,3.875,11631.0,2837.0
8P0C089U8,天皇Thiago,PULVJ0,Aristocracy,57000007,Afghanistan,"[26000024, 26000050, 26000061, 26000044, 26000010, 26000084, 28000000, 28000015]","['Royal Giant', 'Royal Ghost', 'Fisherman', 'Hunter', 'Skeletons', 'Electro Spirit', 'Fireball', 'Barbarian Barrel']",10030,100377,1297.0,438.57142857142856,3.2857142857142856,9079.0,3070.0
PG2YVRLCV,Brandon,PULVJ0,Aristocracy,57000007,Afghanistan,"[27000012, 26000037, 26000083, 26000027, 26000013, 28000007, 26000085, 28000012]","['Goblin Cage', 'Inferno Dragon', 'Mother Witch', 'Dark Prince', 'Bomber', 'Lightning', 'Electro Giant', 'Tornado']",10030,100377,444.5,624.5,4.0,2667.0,3747.0
2V20Q2JV,⚠Elden Lord⚠,LRYVPCQ8,Anime Weeb,57000007,Afghanistan,"[26000012, 26000044, 26000020, 26000033, 28000026, 28000006, 28000004, 28000012]","['Skeleton Army', 'Hunter', 'Giant Skeleton', 'Sparky', 'Vines', 'Mirror', 'Goblin Barrel', 'Tornado']",10258,100316,,,3.5714285714285716,,
VCGVPCYY9,teste tickler,LRYVPCQ8,Anime Weeb,57000007,Afghanistan,"[26000055, 26000011, 26000040, 28000004, 26000016, 27000006, 26000041, 28000001]","['Mega Knight', 'Valkyrie', 'Dart Goblin', 'Goblin Barrel', 'Prince', 'Tesla', 'Goblin Gang', 'Arrows']",10124,100316,1627.125,406.5,4.0,13017.0,3252.0
QQULL9GCL,TheRealElijah,LRYVPCQ8,Anime Weeb,57000007,Afghanistan,"[26000055, 26000064, 28000001, 26000012, 26000018, 26000052, 26000021, 26000011]","['Mega Knight', 'Firecracker', 'Arrows', 'Skeleton Army', 'Mini P.E.K.K.A', 'Zappies', 'Hog Rider', 'Valkyrie']",10120,100316,1826.142857142857,632.8571428571429,4.142857142857143,12783.0,4430.0
QJRU92L,Aimal,LRYVPCQ8,Anime Weeb,57000007,Afghanistan,"[26000011, 26000015, 27000009, 28000010, 28000009, 28000012, 26000023, 28000015]","['Valkyrie', 'Baby Dragon', 'Tombstone', 'Graveyard', 'Poison', 'Tornado', 'Ice Wizard', 'Barbarian Barrel']",10119,100316,852.125,408.75,3.5,6817.0,3270.0
R9VPJ0PY0,myles,LRYVPCQ8,Anime Weeb,57000007,Afghanistan,"[26000064, 26000011, 26000055, 26000018, 26000042, 26000012, 28000005, 26000040]","['Firecracker', 'Valkyrie', 'Mega Knight', 'Mini P.E.K.K.A', 'Electro Wizard', 'Skeleton Army', 'Freeze', 'Dart Goblin']",10092,100316,1610.5714285714287,543.5714285714286,4.142857142857143,11274.0,3805.0
C920Y90C,Zero,LRYVPCQ8,Anime Weeb,57000007,Afghanistan,"[26000007, 26000011, 26000000, 26000037, 26000015, 28000000, 26000051, 27000010]","['Witch', 'Valkyrie', 'Knight', 'Inferno Dragon', 'Baby Dragon', 'Fireball', 'Ram Rider', 'Furnace']",10090,100316,1577.375,238.0,4.125,12619.0,1904.0
LYGYV2L88,Pp Retry,LRYVPCQ8,Anime Weeb,57000007,Afghanistan,"[26000055, 26000064, 26000018, 28000013, 26000011, 26000020, 28000008, 26000049]","['Mega Knight', 'Firecracker', 'Mini P.E.K.K.A', 'Clone', 'Valkyrie', 'Giant Skeleton', 'Zap', 'Bats']",10090,100316,,,4.0,,
20PLP0GRP,༺࿅༼GENERAL༽࿅༻,LRYVPCQ8,Anime Weeb,57000007,Afghanistan,"[26000039, 28000001, 26000000, 28000010, 28000009, 26000042, 27000009, 28000011]","['Mega Minion', 'Arrows', 'Knight', 'Graveyard', 'Poison', 'Electro Wizard', 'Tombstone', 'The Log']",10090,100316,724.875,478.0,3.375,5799.0,3824.0
9YPVYUG2Y,COOPER,LRYVPCQ8,Anime Weeb,57000007,Afghanistan,"[26000035, 26000011, 26000064, 26000006, 26000049, 27000003, 26000084, 28000011]","['Lumberjack', 'Valkyrie', 'Firecracker', 'Balloon', 'Bats', 'Inferno Tower', 'Electro Spirit', 'The Log']",10090,100316,1498.1666666666667,487.6666666666667,3.6666666666666665,8989.0,2926.0
L0GYRLU9,THEWARRIOR,LRYVPCQ8,Anime Weeb,57000007,Afghanistan,"[26000064, 26000012, 26000056, 26000001, 26000004, 28000026, 28000001, 26000085]","['Firecracker', 'Skeleton Army', 'Skeleton Barrel', 'Archers', 'P.E.K.K.A', 'Vines', 'Arrows', 'Electro Giant']",10060,100316,1302.0,710.0,3.8,6510.0,3550.0
89U0QL92,Rolex,VUGG08J,AFG,57000007,Afghanistan,"[26000064, 26000000, 28000008, 26000036, 26000042, 26000004, 28000000, 26000050]","['Firecracker', 'Knight', 'Zap', 'Battle Ram', 'Electro Wizard', 'P.E.K.K.A', 'Fireball', 'Royal Ghost']",10264,100250,1693.857142857143,417.85714285714283,3.857142857142857,11857.0,2925.0
2VUP20R9R,MahmoOd-ApaChe,VUGG08J,AFG,57000007,Afghanistan,"[26000050, 26000007, 26000004, 28000025, 26000061, 28000026, 28000024, 28000002]","['Royal Ghost', 'Witch', 'P.E.K.K.A', 'Spirit Empress', 'Fisherman', 'Vines', 'Goblin Curse', 'Rage']",10180,100250,1794.4,406.6,4.0,8972.0,2033.0
RJRQ8JQ0R,DAVODI,VUGG08J,AFG,57000007,Afghanistan,"[26000064, 27000002, 26000055, 28000011, 26000043, 26000041, 26000004, 28000001]","['Firecracker', 'Mortar', 'Mega Knight', 'The Log', 'Elite Barbarians', 'Goblin Gang', 'P.E.K.K.A', 'Arrows']",10150,100250,2021.0,602.2857142857143,4.571428571428571,14147.0,4216.0
YV90VY2,M.Reus,VUGG08J,AFG,57000007,Afghanistan,"[26000024, 27000010, 26000050, 28000007, 26000061, 28000001, 28000015, 26000083]","['Royal Giant', 'Furnace', 'Royal Ghost', 'Lightning', 'Fisherman', 'Arrows', 'Barbarian Barrel', 'Mother Witch']",10144,100250,992.5714285714286,441.57142857142856,3.857142857142857,6948.0,3091.0
2L0V2JPG9,Moeid Hamidi,VUGG08J,AFG,57000007,Afghanistan,"[26000014, 26000055, 26000021, 26000000, 28000005, 26000045, 27000000, 28000001]","['Musketeer', 'Mega Knight', 'Hog Rider', 'Knight', 'Freeze', 'Executioner', 'Cannon', 'Arrows']",10120,100250,1695.125,357.5,4.125,13561.0,2860.0
GLCP8U082,N!A | ★Ali★B¹★,VUGG08J,AFG,57000007,Afghanistan,"[26000010, 26000014, 26000006, 28000015, 26000032, 27000004, 26000038, 28000017]","['Skeletons', 'Musketeer', 'Balloon', 'Barbarian Barrel', 'Miner', 'Bomb Tower', 'Ice Golem', 'Giant Snowball']",10120,100250,1034.25,387.25,2.875,8274.0,3098.0
8GR9GVPP,Maiwand Killer,VUGG08J,AFG,57000007,Afghanistan,"[26000007, 27000006, 26000008, 26000003, 28000000, 26000033, 28000001, 26000022]","['Witch', 'Tesla', 'Barbarians', 'Giant', 'Fireball', 'Sparky', 'Arrows', 'Minion Horde']",10119,100250,1486.25,692.75,4.625,11890.0,5542.0
R0U9QJP8,Faateh,VUGG08J,AFG,57000007,Afghanistan,"[26000055, 26000064, 26000000, 26000007, 28000008, 27000009, 26000021, 28000001]","['Mega Knight', 'Firecracker', 'Knight', 'Witch', 'Zap', 'Tombstone', 'Hog Rider', 'Arrows']",10100,100250,1549.7142857142858,291.0,3.857142857142857,10848.0,2037.0
V2QYUGR2G,MAHDI♔︎ ᵖʳᵒ ᵐᵃˣ,VUGG08J,AFG,57000007,Afghanistan,"[26000000, 26000015, 27000009, 28000012, 26000023, 28000010, 28000009, 28000015]","['Knight', 'Baby Dragon', 'Tombstone', 'Tornado', 'Ice Wizard', 'Graveyard', 'Poison', 'Barbarian Barrel']",10090,100250,798.25,397.875,3.375,6386.0,3183.0
PGLLJP22C,Asad,VUGG08J,AFG,57000007,Afghanistan,"[26000064, 26000055, 27000010, 28000001, 26000040, 26000059, 26000062, 26000011]","['Firecracker', 'Mega Knight', 'Furnace', 'Arrows', 'Dart Goblin', 'Royal Hogs', 'Magic Archer', 'Valkyrie']",10090,100250,1451.2857142857142,255.85714285714286,4.285714285714286,10159.0,1791.0
Q98GVP999,雜誌能｜DiegoX,YQ9UCUQC,Clan  #YQ9UCUQC,57000007,Afghanistan,"[26000058, 26000011, 26000062, 26000032, 28000011, 28000012, 27000004, 26000019]","['Wall Breakers', 'Valkyrie', 'Magic Archer', 'Miner', 'The Log', 'Tornado', 'Bomb Tower', 'Spear Goblins']",10240,99603,929.625,411.25,3.0,7437.0,3290.0
GULUY0PCQ,Galogg,YQ9UCUQC,Clan  #YQ9UCUQC,57000007,Afghanistan,"[26000056, 26000011, 28000004, 26000040, 26000030, 26000041, 28000011, 27000000]","['Skeleton Barrel', 'Valkyrie', 'Goblin Barrel', 'Dart Goblin', 'Ice Spirit', 'Goblin Gang', 'The Log', 'Cannon']",10090,99603,768.125,332.0,2.75,6145.0,2656.0
CUJY9GLVQ,yeayea,YQ9UCUQC,Clan  #YQ9UCUQC,57000007,Afghanistan,"[26000035, 26000063, 28000015, 26000000, 26000080, 26000009, 27000007, 28000012]","['Lumberjack', 'Electro Dragon', 'Barbarian Barrel', 'Knight', 'Skeleton Dragons', 'Golem', 'Elixir Collector', 'Tornado']",10060,99603,1707.0,253.42857142857142,4.428571428571429,11949.0,1774.0
UG8V0VUJV,Ney1029,YQ9UCUQC,Clan  #YQ9UCUQC,57000007,Afghanistan,"[26000004, 26000007, 27000000, 26000014, 26000002, 26000021, 28000001, 26000025]","['P.E.K.K.A', 'Witch', 'Cannon', 'Musketeer', 'Goblins', 'Hog Rider', 'Arrows', 'Guards']",10060,99603,1383.25,427.375,3.875,11066.0,3419.0
2P2UY2VYP,-TREJO-:3,YQ9UCUQC,Clan  #YQ9UCUQC,57000007,Afghanistan,"[26000049, 28000008, 26000016, 26000027, 28000011, 26000046, 26000026, 26000041]","['Bats', 'Zap', 'Prince', 'Dark Prince', 'The Log', 'Bandit', 'Princess', 'Goblin Gang']",10060,99603,616.25,564.125,3.0,4930.0,4513.0
G8JYQ8P9G,preston :0,YQ9UCUQC,Clan  #YQ9UCUQC,57000007,Afghanistan,"[26000000, 26000017, 28000004, 26000018, 27000000, 28000001, 26000030, 28000018]","['Knight', 'Wizard', 'Goblin Barrel', 'Mini P.E.K.K.A', 'Cannon', 'Arrows', 'Ice Spirit', 'Royal Delivery']",10057,99603,961.0,410.0,3.142857142857143,6727.0,2870.0
Y00JULGP0,Aedan,YQ9UCUQC,Clan  #YQ9UCUQC,57000007,Afghanistan,"[26000011, 27000006, 26000030, 26000010, 26000026, 28000011, 28000004, 26000040]","['Valkyrie', 'Tesla', 'Ice Spirit', 'Skeletons', 'Princess', 'The Log', 'Goblin Barrel', 'Dart Goblin']",10030,99603,692.0,296.625,2.625,5536.0,2373.0
P98YQLCC,moscoso,YQ9UCUQC,Clan  #YQ9UCUQC,57000007,Afghanistan,"[26000055, 26000064, 26000103, 26000014, 27000006, 28000001, 28000026, 26000040]","['Mega Knight', 'Firecracker', 'Boss Bandit', 'Musketeer', 'Tesla', 'Arrows', 'Vines', 'Dart Goblin']",10030,99603,1621.0,299.6,4.2,8105.0,1498.0
RR2R29VYU,Guilherme alone,YQ9UCUQC,Clan  #YQ9UCUQC,57000007,Afghanistan,"[26000063, 26000010, 26000069, 26000048, 26000096, 28000002, 28000026, 26000067]","['Electro Dragon', 'Skeletons', 'Skeleton King', 'Night Witch', 'Goblin Machine', 'Rage', 'Vines', 'Elixir Golem']",10030,99603,963.0,266.2,3.0,4815.0,1331.0
Q28QGYCQ,Archaon,YQ9UCUQC,Clan  #YQ9UCUQC,57000007,Afghanistan,"[26000056, 27000002, 26000000, 28000000, 26000040, 26000005, 28000015, 26000010]","['Skeleton Barrel', 'Mortar', 'Knight', 'Fireball', 'Dart Goblin', 'Minions', 'Barbarian Barrel', 'Skeletons']",10000,99603,855.875,287.5,2.875,6847.0,2300.0
2VC9C9RGP,charlie,L9J0LJJU,Giant goblins,57000007,Afghanistan,"[26000064, 27000000, 26000021, 26000000, 26000084, 26000010, 28000015, 28000014]","['Firecracker', 'Cannon', 'Hog Rider', 'Knight', 'Electro Spirit', 'Skeletons', 'Barbarian Barrel', 'Earthquake']",10271,99569,1007.6666666666666,458.5,2.6666666666666665,6046.0,2751.0
2CRLGLP9Q,Poodystank,L9J0LJJU,Giant goblins,57000007,Afghanistan,"[26000013, 28000008, 26000003, 26000039, 26000016, 26000027, 28000000, 28000002]","['Bomber', 'Zap', 'Giant', 'Mega Minion', 'Prince', 'Dark Prince', 'Fireball', 'Rage']",10239,99569,1347.625,489.875,3.5,10781.0,3919.0
JC9JGYJLJ,warlsen,L9J0LJJU,Giant goblins,57000007,Afghanistan,"[26000007, 28000017, 26000018, 26000005, 26000034, 28000010, 28000026, 26000003]","['Witch', 'Giant Snowball', 'Mini P.E.K.K.A', 'Minions', 'Bowler', 'Graveyard', 'Vines', 'Giant']",10186,99569,1652.5714285714287,630.1428571428571,4.142857142857143,11568.0,4411.0
GJVU90P08,Austin,L9J0LJJU,Giant goblins,57000007,Afghanistan,"[26000063, 26000035, 26000068, 26000009, 28000012, 27000007, 26000080, 28000015]","['Electro Dragon', 'Lumberjack', 'Battle Healer', 'Golem', 'Tornado', 'Elixir Collector', 'Skeleton Dragons', 'Barbarian Barrel']",10178,99569,1623.1666666666667,251.16666666666666,4.666666666666667,9739.0,1507.0
2J9L0RY,⚔James⚔,L9J0LJJU,Giant goblins,57000007,Afghanistan,"[26000056, 27000002, 26000000, 28000000, 26000040, 26000005, 26000010, 28000011]","['Skeleton Barrel', 'Mortar', 'Knight', 'Fireball', 'Dart Goblin', 'Minions', 'Skeletons', 'The Log']",10146,99569,855.875,298.5,2.875,6847.0,2388.0
UGP29PQC,garrrrr,L9J0LJJU,Giant goblins,57000007,Afghanistan,"[26000037, 26000035, 27000006, 26000013, 26000006, 26000012, 28000001, 26000020]","['Inferno Dragon', 'Lumberjack', 'Tesla', 'Bomber', 'Balloon', 'Skeleton Army', 'Arrows', 'Giant Skeleton']",10090,99569,1544.5,582.75,4.0,12356.0,4662.0
LCVLLGCJR,Mike.,L9J0LJJU,Giant goblins,57000007,Afghanistan,"[26000040, 26000058, 26000065, 26000032, 28000009, 27000001, 26000041, 28000011]","['Dart Goblin', 'Wall Breakers', 'Mighty Miner', 'Miner', 'Poison', 'Goblin Hut', 'Goblin Gang', 'The Log']",10090,99569,532.4285714285714,443.57142857142856,3.142857142857143,3727.0,3105.0
2VJPGVV,WC,L9J0LJJU,Giant goblins,57000007,Afghanistan,"[26000013, 28000008, 26000003, 28000000, 28000002, 26000016, 26000039, 26000027]","['Bomber', 'Zap', 'Giant', 'Fireball', 'Rage', 'Prince', 'Mega Minion', 'Dark Prince']",10090,99569,1347.625,489.875,3.5,10781.0,3919.0
9QV0LY2V2,lo,L9J0LJJU,Giant goblins,57000007,Afghanistan,"[27000006, 26000010, 26000018, 26000085, 28000011, 26000000, 26000014, 28000000]","['Tesla', 'Skeletons', 'Mini P.E.K.K.A', 'Electro Giant', 'The Log', 'Knight', 'Musketeer', 'Fireball']",10090,99569,1073.5714285714287,406.2857142857143,3.142857142857143,7515.0,2844.0
88LYJRG0C,Jermo,L9J0LJJU,Giant goblins,57000007,Afghanistan,"[27000002, 26000056, 26000069, 26000019, 28000001, 26000054, 26000023, 26000041]","['Mortar', 'Skeleton Barrel', 'Skeleton King', 'Spear Goblins', 'Arrows', 'Cannon Cart', 'Ice Wizard', 'Goblin Gang']",10060,99569,807.4285714285714,462.2857142857143,3.2857142857142856,5652.0,3236.0
RGC809PYL,joselito,PL00VVL9,21st century,57000008,Åland Islands,"[26000063, 26000017, 26000033, 28000001, 28000008, 26000004, 28000025, 26000043]","['Electro Dragon', 'Wizard', 'Sparky', 'Arrows', 'Zap', 'P.E.K.K.A', 'Spirit Empress', 'Elite Barbarians']",10120,98992,1524.0,724.2857142857143,4.857142857142857,10668.0,5070.0
PPGJQPLQ0,Raulchik jr.,PL00VVL9,21st century,57000008,Åland Islands,"[26000064, 26000011, 26000018, 26000041, 26000083, 26000055, 26000051, 26000001]","['Firecracker', 'Valkyrie', 'Mini P.E.K.K.A', 'Goblin Gang', 'Mother Witch', 'Mega Knight', 'Ram Rider', 'Archers']",10120,98992,2141.5,498.8333333333333,4.333333333333333,12849.0,2993.0
P2URRGUYQ,Raulchik_Spain,PL00VVL9,21st century,57000008,Åland Islands,"[26000064, 26000011, 26000054, 26000018, 26000055, 26000051, 26000001, 26000041]","['Firecracker', 'Valkyrie', 'Cannon Cart', 'Mini P.E.K.K.A', 'Mega Knight', 'Ram Rider', 'Archers', 'Goblin Gang']",10117,98992,2004.4285714285713,596.4285714285714,4.428571428571429,14031.0,4175.0
9CPYUPULR,Don Pagnotta 07,PL00VVL9,21st century,57000008,Åland Islands,"[26000001, 26000011, 26000037, 26000021, 27000003, 28000011, 28000008, 26000031]","['Archers', 'Valkyrie', 'Inferno Dragon', 'Hog Rider', 'Inferno Tower', 'The Log', 'Zap', 'Fire Spirit']",10091,98992,1331.7142857142858,257.2857142857143,3.4285714285714284,9322.0,1801.0
GRQJ9GVP,ChrisAborto,PL00VVL9,21st century,57000008,Åland Islands,"[27000012, 26000047, 26000059, 26000057, 26000052, 28000001, 26000084, 28000015]","['Goblin Cage', 'Royal Recruits', 'Royal Hogs', 'Flying Machine', 'Zappies', 'Arrows', 'Electro Spirit', 'Barbarian Barrel']",10090,98992,420.42857142857144,329.85714285714283,4.142857142857143,2943.0,2309.0
2LPQ02JJL,тапок,PL00VVL9,21st century,57000008,Åland Islands,"[26000007, 26000055, 26000103, 28000001, 28000011, 26000021, 26000064, 28000008]","['Witch', 'Mega Knight', 'Boss Bandit', 'Arrows', 'The Log', 'Hog Rider', 'Firecracker', 'Zap']",10090,98992,1439.6666666666667,359.0,3.8333333333333335,8638.0,2154.0
RLUGG92C,Joel,PL00VVL9,21st century,57000008,Åland Islands,"[26000024, 26000007, 28000015, 26000047, 28000008, 26000049, 26000040, 26000056]","['Royal Giant', 'Witch', 'Barbarian Barrel', 'Royal Recruits', 'Zap', 'Bats', 'Dart Goblin', 'Skeleton Barrel']",10089,98992,870.75,361.0,3.75,6966.0,2888.0
P0092RY9Q,Raulchik,PL00VVL9,21st century,57000008,Åland Islands,"[26000064, 26000011, 26000051, 26000055, 26000001, 26000054, 26000018, 27000012]","['Firecracker', 'Valkyrie', 'Ram Rider', 'Mega Knight', 'Archers', 'Cannon Cart', 'Mini P.E.K.K.A', 'Goblin Cage']",10060,98992,1949.5714285714287,497.42857142857144,4.571428571428571,13647.0,3482.0
298U9GUQQ,MagisterYoda,PL00VVL9,21st century,57000008,Åland Islands,"[27000000, 26000001, 26000074, 26000085, 28000015, 28000007, 26000087, 28000012]","['Cannon', 'Archers', 'Golden Knight', 'Electro Giant', 'Barbarian Barrel', 'Lightning', 'Phoenix', 'Tornado']",10060,98992,317.8,494.0,3.4,1589.0,2470.0
C9U9R00GJ,raphael 10,PL00VVL9,21st century,57000008,Åland Islands,"[26000010, 26000030, 28000000, 26000021, 26000038, 26000014, 27000000, 28000011]","['Skeletons', 'Ice Spirit', 'Fireball', 'Hog Rider', 'Ice Golem', 'Musketeer', 'Cannon', 'The Log']",10030,98992,912.75,282.75,2.625,7302.0,2262.0
R809V9,sebastix cr,P8UQ2UVC,SinInterés,57000008,Åland Islands,"[26000050, 26000036, 26000103, 26000099, 26000042, 26000004, 28000026, 28000000]","['Royal Ghost', 'Battle Ram', 'Boss Bandit', 'Goblinstein', 'Electro Wizard', 'P.E.K.K.A', 'Vines', 'Fireball']",10172,97636,1929.4,480.8,4.4,9647.0,2404.0
8YYLVQJCP,The Laion King,P8UQ2UVC,SinInterés,57000008,Åland Islands,"[26000063, 26000040, 26000016, 26000035, 26000006, 28000016, 28000008, 26000000]","['Electro Dragon', 'Dart Goblin', 'Prince', 'Lumberjack', 'Balloon', 'Heal Spirit', 'Zap', 'Knight']",10150,97636,1473.0,435.14285714285717,3.857142857142857,10311.0,3046.0
2URJGR0PP,★«SANTI»★,P8UQ2UVC,SinInterés,57000008,Åland Islands,"[26000011, 27000006, 26000030, 26000026, 28000004, 28000003, 28000011, 26000041]","['Valkyrie', 'Tesla', 'Ice Spirit', 'Princess', 'Goblin Barrel', 'Rocket', 'The Log', 'Goblin Gang']",10120,97636,683.375,568.625,3.25,5467.0,4549.0
22P80GP2U,Jhon J. Jane,P8UQ2UVC,SinInterés,57000008,Åland Islands,"[26000017, 26000004, 26000083, 26000096, 26000021, 28000001, 28000026, 26000041]","['Wizard', 'P.E.K.K.A', 'Mother Witch', 'Goblin Machine', 'Hog Rider', 'Arrows', 'Vines', 'Goblin Gang']",10090,97636,1713.8,590.8,4.4,8569.0,2954.0
8LRR0V0J2,Dj romo,P8UQ2UVC,SinInterés,57000008,Åland Islands,"[28000008, 26000037, 26000003, 26000018, 28000016, 26000000, 26000014, 26000010]","['Zap', 'Inferno Dragon', 'Giant', 'Mini P.E.K.K.A', 'Heal Spirit', 'Knight', 'Musketeer', 'Skeletons']",10060,97636,1716.857142857143,353.42857142857144,3.2857142857142856,12018.0,2474.0
9PJL9YQY,Noe Reyes,P8UQ2UVC,SinInterés,57000008,Åland Islands,"[26000011, 26000055, 28000001, 26000014, 26000064, 26000017, 26000012, 26000040]","['Valkyrie', 'Mega Knight', 'Arrows', 'Musketeer', 'Firecracker', 'Wizard', 'Skeleton Army', 'Dart Goblin']",10060,97636,1469.142857142857,505.2857142857143,4.142857142857143,10284.0,3537.0
2C2JJLGCP,Jesus :v/,P8UQ2UVC,SinInterés,57000008,Åland Islands,"[26000014, 28000008, 26000000, 26000006, 28000015, 26000032, 27000004, 26000025]","['Musketeer', 'Zap', 'Knight', 'Balloon', 'Barbarian Barrel', 'Miner', 'Bomb Tower', 'Guards']",10060,97636,1138.375,384.125,3.25,9107.0,3073.0
LPRCURJQQ,Diego11,P8UQ2UVC,SinInterés,57000008,Åland Islands,"[26000010, 26000037, 28000004, 28000001, 26000026, 26000062, 26000025, 26000016]","['Skeletons', 'Inferno Dragon', 'Goblin Barrel', 'Arrows', 'Princess', 'Magic Archer', 'Guards', 'Prince']",10000,97636,763.625,287.75,3.25,6109.0,2302.0
2G99Y2QLY,BRONLH,P8UQ2UVC,SinInterés,57000008,Åland Islands,"[26000064, 26000004, 28000007, 28000001, 26000041, 26000014, 27000000, 26000056]","['Firecracker', 'P.E.K.K.A', 'Lightning', 'Arrows', 'Goblin Gang', 'Musketeer', 'Cannon', 'Skeleton Barrel']",10000,97636,1217.7142857142858,613.4285714285714,4.142857142857143,8524.0,4294.0
89VPUPJJJ,Manolo,P8UQ2UVC,SinInterés,57000008,Åland Islands,"[26000014, 27000000, 26000021, 26000010, 28000011, 26000030, 26000038, 28000000]","['Musketeer', 'Cannon', 'Hog Rider', 'Skeletons', 'The Log', 'Ice Spirit', 'Ice Golem', 'Fireball']",10000,97636,912.75,282.75,2.625,7302.0,2262.0
Q280U0VQ9,Maksi3k,QCQJ0002,SIGMY,57000008,Åland Islands,"[26000004, 26000036, 28000001, 26000062, 26000046, 26000042, 28000007, 26000027]","['P.E.K.K.A', 'Battle Ram', 'Arrows', 'Magic Archer', 'Bandit', 'Electro Wizard', 'Lightning', 'Dark Prince']",10120,96965,1179.5,700.375,4.375,9436.0,5603.0
8LGCPL2PR,Womaster,QCQJ0002,SIGMY,57000008,Åland Islands,"[26000037, 26000011, 27000009, 28000000, 26000029, 26000025, 26000006, 28000008]","['Inferno Dragon', 'Valkyrie', 'Tombstone', 'Fireball', 'Lava Hound', 'Guards', 'Balloon', 'Zap']",10090,96965,1606.25,308.0,4.0,12850.0,2464.0
PJQGUPPVU,Kamuj,QCQJ0002,SIGMY,57000008,Åland Islands,"[26000045, 27000006, 26000000, 26000030, 28000000, 27000008, 28000011, 26000010]","['Executioner', 'Tesla', 'Knight', 'Ice Spirit', 'Fireball', 'X-Bow', 'The Log', 'Skeletons']",10062,96965,1099.375,325.625,3.25,8795.0,2605.0
9GVGUU2VU,Karol,QCQJ0002,SIGMY,57000008,Åland Islands,"[26000012, 26000064, 27000007, 28000001, 26000009, 26000048, 28000007, 26000039]","['Skeleton Army', 'Firecracker', 'Elixir Collector', 'Arrows', 'Golem', 'Night Witch', 'Lightning', 'Mega Minion']",10060,96965,1314.4285714285713,664.2857142857143,4.714285714285714,9201.0,4650.0
CVQUY0L,KAGA,QCQJ0002,SIGMY,57000008,Åland Islands,"[26000064, 27000006, 26000021, 26000010, 28000011, 26000058, 26000030, 26000011]","['Firecracker', 'Tesla', 'Hog Rider', 'Skeletons', 'The Log', 'Wall Breakers', 'Ice Spirit', 'Valkyrie']",10030,96965,1037.857142857143,458.42857142857144,2.5714285714285716,7265.0,3209.0
89RCG9R9U,kapi,QCQJ0002,SIGMY,57000008,Åland Islands,"[27000006, 26000000, 28000011, 26000030, 26000014, 26000021, 28000000, 26000010]","['Tesla', 'Knight', 'The Log', 'Ice Spirit', 'Musketeer', 'Hog Rider', 'Fireball', 'Skeletons']",10030,96965,1033.0,306.875,2.875,8264.0,2455.0
LGLPC2PUQ,Kacpereq<3,QCQJ0002,SIGMY,57000008,Åland Islands,"[26000064, 27000000, 26000065, 28000014, 26000021, 26000010, 26000030, 28000011]","['Firecracker', 'Cannon', 'Mighty Miner', 'Earthquake', 'Hog Rider', 'Skeletons', 'Ice Spirit', 'The Log']",10000,96965,690.1666666666666,452.8333333333333,2.3333333333333335,4141.0,2717.0
88QQVVYYV,kmres7,QCQJ0002,SIGMY,57000008,Åland Islands,"[26000064, 27000006, 26000000, 26000055, 26000021, 28000000, 26000040, 26000041]","['Firecracker', 'Tesla', 'Knight', 'Mega Knight', 'Hog Rider', 'Fireball', 'Dart Goblin', 'Goblin Gang']",10000,96965,1843.5714285714287,360.14285714285717,4.0,12905.0,2521.0
89202Q0PJ,Piotrek,QCQJ0002,SIGMY,57000008,Åland Islands,"[26000011, 26000037, 26000006, 28000000, 28000001, 26000029, 26000080, 27000009]","['Valkyrie', 'Inferno Dragon', 'Balloon', 'Fireball', 'Arrows', 'Lava Hound', 'Skeleton Dragons', 'Tombstone']",10000,96965,1790.2857142857142,350.7142857142857,4.285714285714286,12532.0,2455.0
2QLQ9LPQY,Synonim,QCQJ0002,SIGMY,57000008,Åland Islands,"[26000035, 26000063, 26000014, 27000006, 26000004, 26000042, 26000013, 28000001]","['Lumberjack', 'Electro Dragon', 'Musketeer', 'Tesla', 'P.E.K.K.A', 'Electro Wizard', 'Bomber', 'Arrows']",10000,96965,1499.75,422.25,4.25,11998.0,3378.0
9QLG20GV,⚡️Wolfjangar⚡️,YYGV999G,8a361,57000008,Åland Islands,"[26000011, 26000017, 26000018, 28000015, 26000052, 26000041, 28000014, 26000021]","['Valkyrie', 'Wizard', 'Mini P.E.K.K.A', 'Barbarian Barrel', 'Zappies', 'Goblin Gang', 'Earthquake', 'Hog Rider']",10030,96131,1128.5,575.125,3.625,9028.0,4601.0
2QQQC9CGV,bigboss,YYGV999G,8a361,57000008,Åland Islands,"[26000055, 26000045, 26000005, 26000012, 28000001, 26000033, 28000008, 28000015]","['Mega Knight', 'Executioner', 'Minions', 'Skeleton Army', 'Arrows', 'Sparky', 'Zap', 'Barbarian Barrel']",10030,96131,1142.875,737.125,3.875,9143.0,5897.0
GL2U9GJU,MTK.meister,YYGV999G,8a361,57000008,Åland Islands,"[26000064, 26000011, 26000000, 27000006, 26000021, 28000014, 28000011, 26000010]","['Firecracker', 'Valkyrie', 'Knight', 'Tesla', 'Hog Rider', 'Earthquake', 'The Log', 'Skeletons']",10027,96131,1289.4285714285713,461.57142857142856,3.0,9026.0,3231.0
2QY8QRCPY,peppo,YYGV999G,8a361,57000008,Åland Islands,"[28000003, 26000026, 26000030, 26000041, 26000000, 28000011, 27000003, 28000004]","['Rocket', 'Princess', 'Ice Spirit', 'Goblin Gang', 'Knight', 'The Log', 'Inferno Tower', 'Goblin Barrel']",10026,96131,728.625,526.625,3.25,5829.0,4213.0
Y8JRRP8U,stanki4,YYGV999G,8a361,57000008,Åland Islands,"[26000050, 26000056, 26000069, 26000058, 26000040, 26000012, 26000083, 28000026]","['Royal Ghost', 'Skeleton Barrel', 'Skeleton King', 'Wall Breakers', 'Dart Goblin', 'Skeleton Army', 'Mother Witch', 'Vines']",10000,96131,701.6,715.4,2.8,3508.0,3577.0
28QL9898V,Chri Chri,YYGV999G,8a361,57000008,Åland Islands,"[26000007, 26000012, 26000000, 28000000, 27000006, 26000021, 26000030, 28000011]","['Witch', 'Skeleton Army', 'Knight', 'Fireball', 'Tesla', 'Hog Rider', 'Ice Spirit', 'The Log']",10000,96131,1052.375,476.625,3.25,8419.0,3813.0
LQ0RJPGC,einfachtheo59,YYGV999G,8a361,57000008,Åland Islands,"[27000006, 26000011, 26000014, 26000058, 28000001, 26000049, 26000032, 26000046]","['Tesla', 'Valkyrie', 'Musketeer', 'Wall Breakers', 'Arrows', 'Bats', 'Miner', 'Bandit']",10000,96131,1058.375,458.125,3.125,8467.0,3665.0
PQQ2LVJJC,scrome,YYGV999G,8a361,57000008,Åland Islands,"[26000063, 26000015, 26000009, 27000007, 28000008, 26000016, 28000001, 26000102]","['Electro Dragon', 'Baby Dragon', 'Golem', 'Elixir Collector', 'Zap', 'Prince', 'Arrows', 'Berserker']",10000,96131,1759.142857142857,291.57142857142856,4.714285714285714,12314.0,2041.0
PC8LPJRJY,Bogl,YYGV999G,8a361,57000008,Åland Islands,"[27000006, 26000059, 26000018, 26000040, 26000043, 26000041, 28000011, 26000064]","['Tesla', 'Royal Hogs', 'Mini P.E.K.K.A', 'Dart Goblin', 'Elite Barbarians', 'Goblin Gang', 'The Log', 'Firecracker']",10000,96131,959.8571428571429,545.0,3.857142857142857,6719.0,3815.0
29QC99LPG,Snyns_Suff,YYGV999G,8a361,57000008,Åland Islands,"[27000000, 26000035, 26000021, 26000010, 26000084, 26000014, 28000001, 28000011]","['Cannon', 'Lumberjack', 'Hog Rider', 'Skeletons', 'Electro Spirit', 'Musketeer', 'Arrows', 'The Log']",10000,96131,884.7142857142857,342.0,3.0,6193.0,2394.0
PG8RVUYJ0,palo loco 30000,PRY29JUP,Team Colombia,57000008,Åland Islands,"[27000000, 26000064, 26000065, 28000014, 26000030, 26000010, 26000021, 28000015]","['Cannon', 'Firecracker', 'Mighty Miner', 'Earthquake', 'Ice Spirit', 'Skeletons', 'Hog Rider', 'Barbarian Barrel']",10060,95008,690.1666666666666,438.1666666666667,2.3333333333333335,4141.0,2629.0
9LQCVGLGV,gladiador83,PRY29JUP,Team Colombia,57000008,Åland Islands,"[26000017, 26000055, 26000000, 26000011, 28000006, 28000008, 26000007, 28000000]","['Wizard', 'Mega Knight', 'Knight', 'Valkyrie', 'Mirror', 'Zap', 'Witch', 'Fireball']",10030,95008,,,3.75,,
P0V9RPCQJ,Soulmattw,PRY29JUP,Team Colombia,57000008,Åland Islands,"[26000012, 26000064, 26000018, 26000049, 28000013, 26000048, 26000009, 28000001]","['Skeleton Army', 'Firecracker', 'Mini P.E.K.K.A', 'Bats', 'Clone', 'Night Witch', 'Golem', 'Arrows']",10030,95008,,,3.857142857142857,,
2GP980VG9,cleveland2.0,PRY29JUP,Team Colombia,57000008,Åland Islands,"[26000064, 26000040, 26000103, 26000011, 28000001, 26000021, 26000055, 26000050]","['Firecracker', 'Dart Goblin', 'Boss Bandit', 'Valkyrie', 'Arrows', 'Hog Rider', 'Mega Knight', 'Royal Ghost']",10030,95008,2019.0,337.3333333333333,4.0,12114.0,2024.0
28JJVU2CV,Dave Sancibier,PRY29JUP,Team Colombia,57000008,Åland Islands,"[26000044, 26000064, 28000005, 26000001, 28000010, 26000027, 26000040, 26000004]","['Hunter', 'Firecracker', 'Freeze', 'Archers', 'Graveyard', 'Dark Prince', 'Dart Goblin', 'P.E.K.K.A']",10030,95008,1126.5714285714287,867.5714285714286,4.285714285714286,7886.0,6073.0
V9VR2PC98,Cybertron2700,PRY29JUP,Team Colombia,57000008,Åland Islands,"[26000011, 26000040, 26000000, 28000004, 28000011, 27000006, 26000041, 26000026]","['Valkyrie', 'Dart Goblin', 'Knight', 'Goblin Barrel', 'The Log', 'Tesla', 'Goblin Gang', 'Princess']",10000,95008,964.625,358.0,3.125,7717.0,2864.0
RLYUG2RR,C A P E,PRY29JUP,Team Colombia,57000008,Åland Islands,"[26000064, 27000006, 26000010, 26000049, 28000008, 26000035, 28000000, 26000021]","['Firecracker', 'Tesla', 'Skeletons', 'Bats', 'Zap', 'Lumberjack', 'Fireball', 'Hog Rider']",10000,95008,942.5714285714286,354.85714285714283,3.0,6598.0,2484.0
9C98RGY22,jus2006,PRY29JUP,Team Colombia,57000008,Åland Islands,"[26000050, 27000006, 28000000, 26000046, 26000042, 28000008, 26000004, 26000036]","['Royal Ghost', 'Tesla', 'Fireball', 'Bandit', 'Electro Wizard', 'Zap', 'P.E.K.K.A', 'Battle Ram']",10000,95008,1546.5,402.375,3.875,12372.0,3219.0
C0JLRQ0UV,Dr.,PRY29JUP,Team Colombia,57000008,Åland Islands,"[26000064, 26000055, 28000004, 28000008, 26000018, 26000010, 27000003, 28000001]","['Firecracker', 'Mega Knight', 'Goblin Barrel', 'Zap', 'Mini P.E.K.K.A', 'Skeletons', 'Inferno Tower', 'Arrows']",10000,95008,1396.7142857142858,401.42857142857144,3.5714285714285716,9777.0,2810.0
P82LJ8L0V,nicolas u,PRY29JUP,Team Colombia,57000008,Åland Islands,"[27000000, 26000064, 26000065, 26000021, 26000010, 26000030, 28000000, 28000011]","['Cannon', 'Firecracker', 'Mighty Miner', 'Hog Rider', 'Skeletons', 'Ice Spirit', 'Fireball', 'The Log']",10000,95008,793.3333333333334,310.1666666666667,2.5,4760.0,1861.0
9QLL9YLQG,ＥＮＤＲＩ L̶v̶L̶,P8QLRVUY,LavaLooners™,57000009,Albania,"[26000011, 28000004, 26000040, 26000026, 27000004, 26000030, 26000041, 26000058]","['Valkyrie', 'Goblin Barrel', 'Dart Goblin', 'Princess', 'Bomb Tower', 'Ice Spirit', 'Goblin Gang', 'Wall Breakers']",10674,102236,815.375,453.0,2.875,6523.0,3624.0
YG08Y99J8,THE SLASH,P8QLRVUY,LavaLooners™,57000009,Albania,"[26000010, 28000004, 26000099, 28000011, 26000030, 26000026, 27000000, 26000040]","['Skeletons', 'Goblin Barrel', 'Goblinstein', 'The Log', 'Ice Spirit', 'Princess', 'Cannon', 'Dart Goblin']",10507,102236,365.14285714285717,283.0,2.2857142857142856,2556.0,1981.0
QVJPG99VC,⚡️A.K本能,P8QLRVUY,LavaLooners™,57000009,Albania,"[28000017, 27000000, 26000102, 28000009, 26000031, 26000095, 27000013, 26000010]","['Giant Snowball', 'Cannon', 'Berserker', 'Poison', 'Fire Spirit', 'Goblin Demolisher', 'Goblin Drill', 'Skeletons']",10358,102236,563.5,295.25,2.5,2254.0,1181.0
Y8U89PLVR,sanjay jadeja,P8QLRVUY,LavaLooners™,57000009,Albania,"[26000058, 26000064, 26000032, 26000055, 26000046, 26000002, 26000005, 28000008]","['Wall Breakers', 'Firecracker', 'Miner', 'Mega Knight', 'Bandit', 'Goblins', 'Minions', 'Zap']",10356,102236,1298.5714285714287,468.42857142857144,3.142857142857143,9090.0,3279.0
8PP9PV288,⬆️M4ster⬆️,P8QLRVUY,LavaLooners™,57000009,Albania,"[26000015, 26000011, 26000009, 26000018, 26000052, 28000026, 26000068, 27000007]","['Baby Dragon', 'Valkyrie', 'Golem', 'Mini P.E.K.K.A', 'Zappies', 'Vines', 'Battle Healer', 'Elixir Collector']",10318,102236,2271.1666666666665,378.3333333333333,5.0,13627.0,2270.0
CCPYUPULQ,✨MoHaMMaD✨,P8QLRVUY,LavaLooners™,57000009,Albania,"[26000011, 28000008, 26000006, 26000029, 26000080, 26000039, 28000000, 27000009]","['Valkyrie', 'Zap', 'Balloon', 'Lava Hound', 'Skeleton Dragons', 'Mega Minion', 'Fireball', 'Tombstone']",10290,102236,1704.142857142857,383.57142857142856,4.0,11929.0,2685.0
2P8VUP0UC,imperatoris,P8QLRVUY,LavaLooners™,57000009,Albania,"[26000059, 26000047, 28000001, 26000052, 26000084, 26000057, 28000015, 27000012]","['Royal Hogs', 'Royal Recruits', 'Arrows', 'Zappies', 'Electro Spirit', 'Flying Machine', 'Barbarian Barrel', 'Goblin Cage']",10269,102236,420.42857142857144,329.85714285714283,4.142857142857143,2943.0,2309.0
8JURPPV89,E SWAG,P8QLRVUY,LavaLooners™,57000009,Albania,"[26000035, 26000064, 26000074, 28000005, 26000018, 26000006, 26000012, 26000037]","['Lumberjack', 'Firecracker', 'Golden Knight', 'Freeze', 'Mini P.E.K.K.A', 'Balloon', 'Skeleton Army', 'Inferno Dragon']",10267,102236,1283.0,711.5,4.0,7698.0,4269.0
V2VLVJR9,LegendaryRanger,P8QLRVUY,LavaLooners™,57000009,Albania,"[26000058, 26000040, 26000018, 28000003, 28000011, 26000084, 28000004, 26000010]","['Wall Breakers', 'Dart Goblin', 'Mini P.E.K.K.A', 'Rocket', 'The Log', 'Electro Spirit', 'Goblin Barrel', 'Skeletons']",10255,102236,423.14285714285717,791.8571428571429,3.0,2962.0,5543.0
LULLQ99GY,go cry kid,P8QLRVUY,LavaLooners™,57000009,Albania,"[26000047, 26000059, 26000074, 26000052, 27000000, 28000015, 28000001, 26000057]","['Royal Recruits', 'Royal Hogs', 'Golden Knight', 'Zappies', 'Cannon', 'Barbarian Barrel', 'Arrows', 'Flying Machine']",10240,102236,589.8571428571429,368.0,4.0,4129.0,2576.0
LYQ89PL2,Pointless,GQU22JGP,Legends of ALB,57000009,Albania,"[26000008, 26000007, 26000033, 26000022, 28000001, 27000007, 26000020, 26000003]","['Barbarians', 'Witch', 'Sparky', 'Minion Horde', 'Arrows', 'Elixir Collector', 'Giant Skeleton', 'Giant']",10591,101677,1738.0,649.0,5.125,13904.0,5192.0
8GV00Q200,LoA-Alessio,GQU22JGP,Legends of ALB,57000009,Albania,"[26000045, 26000011, 26000030, 26000021, 28000011, 28000012, 28000003, 26000002]","['Executioner', 'Valkyrie', 'Ice Spirit', 'Hog Rider', 'The Log', 'Tornado', 'Rocket', 'Goblins']",10355,101677,873.875,598.75,3.375,6991.0,4790.0
GQU8PY8RL,Primo,GQU22JGP,Legends of ALB,57000009,Albania,"[27000002, 26000049, 26000097, 26000095, 26000041, 26000050, 26000053, 28000001]","['Mortar', 'Bats', 'Suspicious Bush', 'Goblin Demolisher', 'Goblin Gang', 'Royal Ghost', 'Rascals', 'Arrows']",10328,101677,673.5,386.5,3.3333333333333335,4041.0,2319.0
JUV2YY9G,Jistal,GQU22JGP,Legends of ALB,57000009,Albania,"[26000010, 26000000, 27000000, 26000014, 26000030, 28000011, 28000000, 26000021]","['Skeletons', 'Knight', 'Cannon', 'Musketeer', 'Ice Spirit', 'The Log', 'Fireball', 'Hog Rider']",10290,101677,990.625,302.125,2.75,7925.0,2417.0
2UQ0P8RVC,¥Banditi555¥•_•,GQU22JGP,Legends of ALB,57000009,Albania,"[26000004, 26000011, 26000049, 26000021, 28000026, 26000042, 26000013, 28000008]","['P.E.K.K.A', 'Valkyrie', 'Bats', 'Hog Rider', 'Vines', 'Electro Wizard', 'Bomber', 'Zap']",10269,101677,1651.4285714285713,484.2857142857143,3.7142857142857144,11560.0,3390.0
YR8C2PL02,しかし | Sunrise☀️,GQU22JGP,Legends of ALB,57000009,Albania,"[27000000, 26000059, 26000072, 28000014, 26000010, 26000030, 28000011, 28000018]","['Cannon', 'Royal Hogs', 'Archer Queen', 'Earthquake', 'Skeletons', 'Ice Spirit', 'The Log', 'Royal Delivery']",10236,101677,500.3333333333333,442.0,2.5,3002.0,2652.0
L9YGC8909,Denis Prendi,GQU22JGP,Legends of ALB,57000009,Albania,"[26000012, 26000055, 26000018, 28000011, 26000021, 28000006, 26000064, 26000049]","['Skeleton Army', 'Mega Knight', 'Mini P.E.K.K.A', 'The Log', 'Hog Rider', 'Mirror', 'Firecracker', 'Bats']",10223,101677,,,3.142857142857143,,
880090QC0,《FRENSIS》,GQU22JGP,Legends of ALB,57000009,Albania,"[26000035, 26000063, 26000018, 26000025, 26000009, 26000023, 28000012, 28000015]","['Lumberjack', 'Electro Dragon', 'Mini P.E.K.K.A', 'Guards', 'Golem', 'Ice Wizard', 'Tornado', 'Barbarian Barrel']",10206,101677,1600.625,340.75,4.0,12805.0,2726.0
8UQ20YR2Q,メAsta Kunメ,GQU22JGP,Legends of ALB,57000009,Albania,"[26000045, 28000017, 26000103, 26000051, 28000026, 28000015, 26000054, 26000018]","['Executioner', 'Giant Snowball', 'Boss Bandit', 'Ram Rider', 'Vines', 'Barbarian Barrel', 'Cannon Cart', 'Mini P.E.K.K.A']",10180,101677,1142.1666666666667,642.8333333333334,3.8333333333333335,6853.0,3857.0
R0RCQLPQC,爱 D A R K ™,GQU22JGP,Legends of ALB,57000009,Albania,"[26000015, 26000000, 28000010, 28000009, 28000012, 28000015, 27000001, 26000023]","['Baby Dragon', 'Knight', 'Graveyard', 'Poison', 'Tornado', 'Barbarian Barrel', 'Goblin Hut', 'Ice Wizard']",10180,101677,798.25,397.875,3.625,6386.0,3183.0
L9R9YQ0,-El-Hombre-,29VGGLCR,Kosova,57000009,Albania,"[26000024, 27000002, 26000039, 28000000, 26000030, 26000010, 26000084, 28000015]","['Royal Giant', 'Mortar', 'Mega Minion', 'Fireball', 'Ice Spirit', 'Skeletons', 'Electro Spirit', 'Barbarian Barrel']",10462,101148,1207.4285714285713,322.2857142857143,3.0,8452.0,2256.0
2LLYUJYGQ,JONI KING,29VGGLCR,Kosova,57000009,Albania,"[26000004, 26000036, 26000005, 26000074, 28000008, 28000009, 26000042, 26000046]","['P.E.K.K.A', 'Battle Ram', 'Minions', 'Golden Knight', 'Zap', 'Poison', 'Electro Wizard', 'Bandit']",10432,101148,1371.2857142857142,427.14285714285717,3.857142857142857,9599.0,2990.0
GURRVUL,KlediBujupi,29VGGLCR,Kosova,57000009,Albania,"[26000007, 26000011, 28000010, 28000009, 28000015, 28000026, 27000001, 26000102]","['Witch', 'Valkyrie', 'Graveyard', 'Poison', 'Barbarian Barrel', 'Vines', 'Goblin Hut', 'Berserker']",10266,101148,881.1666666666666,510.8333333333333,4.166666666666667,5287.0,3065.0
PJYG0JURQ,leartti,29VGGLCR,Kosova,57000009,Albania,"[26000055, 26000064, 26000042, 26000025, 28000012, 28000008, 26000018, 26000033]","['Mega Knight', 'Firecracker', 'Electro Wizard', 'Guards', 'Tornado', 'Zap', 'Mini P.E.K.K.A', 'Sparky']",10210,101148,1466.5714285714287,571.2857142857143,4.142857142857143,10266.0,3999.0
9YR289VQ,⚡NikiKrasniqi™⚡,29VGGLCR,Kosova,57000009,Albania,"[26000004, 26000045, 26000018, 28000012, 28000011, 28000026, 26000042, 26000021]","['P.E.K.K.A', 'Executioner', 'Mini P.E.K.K.A', 'Tornado', 'The Log', 'Vines', 'Electro Wizard', 'Hog Rider']",10177,101148,1644.0,598.5714285714286,4.142857142857143,11508.0,4190.0
PLG2RQUV,⚡ALB♨️Rago⚡,29VGGLCR,Kosova,57000009,Albania,"[27000010, 26000000, 26000102, 28000015, 28000009, 28000010, 27000001, 26000023]","['Furnace', 'Knight', 'Berserker', 'Barbarian Barrel', 'Poison', 'Graveyard', 'Goblin Hut', 'Ice Wizard']",10154,101148,670.0,392.42857142857144,3.7142857142857144,4690.0,2747.0
VQC92VLPP,lentllapi,29VGGLCR,Kosova,57000009,Albania,"[26000055, 26000011, 26000072, 26000049, 28000008, 26000010, 26000035, 26000006]","['Mega Knight', 'Valkyrie', 'Archer Queen', 'Bats', 'Zap', 'Skeletons', 'Lumberjack', 'Balloon']",10150,101148,1722.7142857142858,488.42857142857144,3.5714285714285716,12059.0,3419.0
RVUUGVP8Y,mirinho,29VGGLCR,Kosova,57000009,Albania,"[26000060, 26000049, 26000018, 26000065, 28000002, 26000033, 26000052, 28000001]","['Goblin Giant', 'Bats', 'Mini P.E.K.K.A', 'Mighty Miner', 'Rage', 'Sparky', 'Zappies', 'Arrows']",10120,101148,1243.4285714285713,601.8571428571429,3.857142857142857,8704.0,4213.0
2LLRUGU8Q,♠️ERIOST♠️,29VGGLCR,Kosova,57000009,Albania,"[26000008, 26000037, 28000000, 26000080, 26000057, 26000010, 26000029, 28000001]","['Barbarians', 'Inferno Dragon', 'Fireball', 'Skeleton Dragons', 'Flying Machine', 'Skeletons', 'Lava Hound', 'Arrows']",10120,101148,1353.5714285714287,378.57142857142856,4.0,9475.0,2650.0
82CJ82LC,♠️kiry™️,29VGGLCR,Kosova,57000009,Albania,"[26000049, 26000030, 26000018, 26000026, 26000021, 28000003, 26000038, 28000011]","['Bats', 'Ice Spirit', 'Mini P.E.K.K.A', 'Princess', 'Hog Rider', 'Rocket', 'Ice Golem', 'The Log']",10119,101148,799.625,593.5,3.0,6397.0,4748.0
82VL2PG2Q,lvl.1 crook,89Q9UYCV,WE ARE THE BEST,57000009,Albania,"[26000040, 26000055, 28000001, 28000026, 26000033, 26000025, 26000042, 26000006]","['Dart Goblin', 'Mega Knight', 'Arrows', 'Vines', 'Sparky', 'Guards', 'Electro Wizard', 'Balloon']",10443,101105,1576.142857142857,626.7142857142857,4.428571428571429,11033.0,4387.0
LVJCRQQC2,Danis,89Q9UYCV,WE ARE THE BEST,57000009,Albania,"[26000055, 26000001, 26000000, 26000021, 26000030, 26000002, 28000001, 27000003]","['Mega Knight', 'Archers', 'Knight', 'Hog Rider', 'Ice Spirit', 'Goblins', 'Arrows', 'Inferno Tower']",10300,101105,1628.875,299.25,3.5,13031.0,2394.0
Y0PQCUGGU,chip chop,89Q9UYCV,WE ARE THE BEST,57000009,Albania,"[26000047, 27000012, 28000001, 26000059, 26000084, 28000015, 26000057, 26000052]","['Royal Recruits', 'Goblin Cage', 'Arrows', 'Royal Hogs', 'Electro Spirit', 'Barbarian Barrel', 'Flying Machine', 'Zappies']",10258,101105,420.42857142857144,329.85714285714283,4.142857142857143,2943.0,2309.0
C9GYLUU0V,kakami,89Q9UYCV,WE ARE THE BEST,57000009,Albania,"[28000004, 26000000, 26000041, 26000026, 28000003, 27000003, 28000011, 26000030]","['Goblin Barrel', 'Knight', 'Goblin Gang', 'Princess', 'Rocket', 'Inferno Tower', 'The Log', 'Ice Spirit']",10212,101105,728.625,526.625,3.25,5829.0,4213.0
2U8CYPGV8,ليث المدمر,89Q9UYCV,WE ARE THE BEST,57000009,Albania,"[27000002, 28000017, 26000000, 26000040, 27000013, 28000015, 26000049, 26000054]","['Mortar', 'Giant Snowball', 'Knight', 'Dart Goblin', 'Goblin Drill', 'Barbarian Barrel', 'Bats', 'Cannon Cart']",10180,101105,827.7142857142857,435.85714285714283,3.0,5794.0,3051.0
QJR98UYV,*klajdi*,89Q9UYCV,WE ARE THE BEST,57000009,Albania,"[26000007, 26000055, 26000018, 28000000, 26000003, 26000005, 28000008, 28000001]","['Witch', 'Mega Knight', 'Mini P.E.K.K.A', 'Fireball', 'Giant', 'Minions', 'Zap', 'Arrows']",10170,101105,1830.125,420.75,4.125,14641.0,3366.0
9UGQ882JQ,Bananapants67,89Q9UYCV,WE ARE THE BEST,57000009,Albania,"[26000007, 26000035, 26000061, 26000006, 26000020, 28000015, 28000017, 26000084]","['Witch', 'Lumberjack', 'Fisherman', 'Balloon', 'Giant Skeleton', 'Barbarian Barrel', 'Giant Snowball', 'Electro Spirit']",10120,101105,1537.7142857142858,432.0,3.857142857142857,10764.0,3024.0
PQGCGUV2,GRICK,89Q9UYCV,WE ARE THE BEST,57000009,Albania,"[27000006, 26000001, 28000000, 27000008, 26000000, 26000010, 26000084, 28000011]","['Tesla', 'Archers', 'Fireball', 'X-Bow', 'Knight', 'Skeletons', 'Electro Spirit', 'The Log']",10120,101105,1051.857142857143,275.14285714285717,3.2857142857142856,7363.0,1926.0
UJVV2CYG,CDreX,89Q9UYCV,WE ARE THE BEST,57000009,Albania,"[26000024, 26000044, 26000077, 28000011, 28000007, 26000061, 26000084, 26000025]","['Royal Giant', 'Hunter', 'Monk', 'The Log', 'Lightning', 'Fisherman', 'Electro Spirit', 'Guards']",10120,101105,1129.3333333333333,618.6666666666666,4.0,6776.0,3712.0
P8ULJYV2,Klajdi,89Q9UYCV,WE ARE THE BEST,57000009,Albania,"[26000049, 26000011, 26000014, 26000021, 28000009, 26000010, 28000011, 27000004]","['Bats', 'Valkyrie', 'Musketeer', 'Hog Rider', 'Poison', 'Skeletons', 'The Log', 'Bomb Tower']",10090,101105,1102.25,367.875,3.125,8818.0,2943.0
2YP8U0RY2,Mayor⭐️Simon™️,P9YRVCCC,OldSchool Royal,57000009,Albania,"[26000011, 26000015, 26000006, 28000026, 27000009, 26000039, 28000000, 26000029]","['Valkyrie', 'Baby Dragon', 'Balloon', 'Vines', 'Tombstone', 'Mega Minion', 'Fireball', 'Lava Hound']",10529,100971,1946.4285714285713,377.57142857142856,4.285714285714286,13625.0,2643.0
C8R2RYUCR,OSR @ Top G✨自足,P9YRVCCC,OldSchool Royal,57000009,Albania,"[26000058, 26000056, 26000018, 26000031, 26000030, 28000011, 26000040, 26000010]","['Wall Breakers', 'Skeleton Barrel', 'Mini P.E.K.K.A', 'Fire Spirit', 'Ice Spirit', 'The Log', 'Dart Goblin', 'Skeletons']",10263,100971,573.8571428571429,488.57142857142856,2.2857142857142856,4017.0,3420.0
QCCCVCRCU,OSR @ Zjarri,P9YRVCCC,OldSchool Royal,57000009,Albania,"[26000064, 26000055, 26000011, 26000012, 27000006, 28000001, 26000056, 26000040]","['Firecracker', 'Mega Knight', 'Valkyrie', 'Skeleton Army', 'Tesla', 'Arrows', 'Skeleton Barrel', 'Dart Goblin']",10271,100971,1559.4285714285713,479.85714285714283,3.857142857142857,10916.0,3359.0
820UPVYUR,OSR @ D1ddy,P9YRVCCC,OldSchool Royal,57000009,Albania,"[26000058, 26000056, 26000018, 26000031, 26000030, 28000011, 26000040, 26000010]","['Wall Breakers', 'Skeleton Barrel', 'Mini P.E.K.K.A', 'Fire Spirit', 'Ice Spirit', 'The Log', 'Dart Goblin', 'Skeletons']",10267,100971,573.8571428571429,488.57142857142856,2.2857142857142856,4017.0,3420.0
VLGG8JCQP,johnny,P9YRVCCC,OldSchool Royal,57000009,Albania,"[26000007, 26000064, 26000012, 26000021, 26000020, 28000011, 26000042, 28000002]","['Witch', 'Firecracker', 'Skeleton Army', 'Hog Rider', 'Giant Skeleton', 'The Log', 'Electro Wizard', 'Rage']",10259,100971,1266.0,479.7142857142857,3.7142857142857144,8862.0,3358.0
JP80R22,Rampage,P9YRVCCC,OldSchool Royal,57000009,Albania,"[26000001, 26000008, 26000018, 26000006, 28000017, 26000023, 26000035, 26000040]","['Archers', 'Barbarians', 'Mini P.E.K.K.A', 'Balloon', 'Giant Snowball', 'Ice Wizard', 'Lumberjack', 'Dart Goblin']",10240,100971,1038.25,579.375,3.625,8306.0,4635.0
LV2J20UV,OSR @ VOLUME,P9YRVCCC,OldSchool Royal,57000009,Albania,"[26000010, 26000014, 28000017, 28000015, 26000038, 26000032, 26000006, 27000004]","['Skeletons', 'Musketeer', 'Giant Snowball', 'Barbarian Barrel', 'Ice Golem', 'Miner', 'Balloon', 'Bomb Tower']",10213,100971,1034.25,387.25,2.875,8274.0,3098.0
YRG29U9UG,OSR @ 修羅Joel✨,P9YRVCCC,OldSchool Royal,57000009,Albania,"[26000055, 26000058, 26000072, 26000016, 28000008, 26000046, 26000041, 28000001]","['Mega Knight', 'Wall Breakers', 'Archer Queen', 'Prince', 'Zap', 'Bandit', 'Goblin Gang', 'Arrows']",10207,100971,1411.0,534.5714285714286,3.5714285714285716,9877.0,3742.0
PGP8LG2Q,OSR @ SAVAGE,P9YRVCCC,OldSchool Royal,57000009,Albania,"[26000014, 27000000, 26000010, 26000030, 28000011, 26000021, 26000038, 28000000]","['Musketeer', 'Cannon', 'Skeletons', 'Ice Spirit', 'The Log', 'Hog Rider', 'Ice Golem', 'Fireball']",10176,100971,912.75,282.75,2.625,7302.0,2262.0
U2282P8P2,BIGGI,P9YRVCCC,OldSchool Royal,57000009,Albania,"[26000056, 27000002, 26000000, 28000000, 26000040, 26000005, 26000010, 28000015]","['Skeleton Barrel', 'Mortar', 'Knight', 'Fireball', 'Dart Goblin', 'Minions', 'Skeletons', 'Barbarian Barrel']",10162,100971,855.875,287.5,2.875,6847.0,2300.0
99PGPPVR8,NOURI DZ,QR9LYCYP,anwar no skill,57000010,Algeria,"[26000007, 26000001, 26000069, 26000096, 26000067, 26000048, 28000002, 28000001]","['Witch', 'Archers', 'Skeleton King', 'Goblin Machine', 'Elixir Golem', 'Night Witch', 'Rage', 'Arrows']",10404,101402,826.8333333333334,296.1666666666667,3.3333333333333335,4961.0,1777.0
YQLJQRYJ9,Salah❤️ANF❤️,QR9LYCYP,anwar no skill,57000010,Algeria,"[27000012, 26000059, 28000001, 26000047, 28000000, 26000057, 26000052, 28000015]","['Goblin Cage', 'Royal Hogs', 'Arrows', 'Royal Recruits', 'Fireball', 'Flying Machine', 'Zappies', 'Barbarian Barrel']",10384,101402,482.0,328.625,4.125,3856.0,2629.0
CJP8C92U0,AH⭐Møhsen✨,QR9LYCYP,anwar no skill,57000010,Algeria,"[26000008, 26000037, 26000069, 28000001, 26000048, 26000067, 28000000, 28000002]","['Barbarians', 'Inferno Dragon', 'Skeleton King', 'Arrows', 'Night Witch', 'Elixir Golem', 'Fireball', 'Rage']",10362,101402,994.4285714285714,397.14285714285717,3.5714285714285716,6961.0,2780.0
Y2QPLV0U8,criminal,QR9LYCYP,anwar no skill,57000010,Algeria,"[28000004, 27000000, 26000000, 26000041, 28000011, 28000000, 26000026, 26000084]","['Goblin Barrel', 'Cannon', 'Knight', 'Goblin Gang', 'The Log', 'Fireball', 'Princess', 'Electro Spirit']",10346,101402,757.8571428571429,376.0,3.0,5305.0,2632.0
C8CLU0Q0P,LATCHA 99,QR9LYCYP,anwar no skill,57000010,Algeria,"[26000055, 26000007, 26000016, 26000021, 28000000, 26000041, 26000058, 28000001]","['Mega Knight', 'Witch', 'Prince', 'Hog Rider', 'Fireball', 'Goblin Gang', 'Wall Breakers', 'Arrows']",10181,101402,1618.5,540.5,4.125,12948.0,4324.0
J90J090CY,insta(wyounes1),QR9LYCYP,anwar no skill,57000010,Algeria,"[27000002, 26000055, 26000018, 26000011, 26000064, 26000023, 26000040, 28000001]","['Mortar', 'Mega Knight', 'Mini P.E.K.K.A', 'Valkyrie', 'Firecracker', 'Ice Wizard', 'Dart Goblin', 'Arrows']",10154,101402,1851.857142857143,383.57142857142856,4.0,12963.0,2685.0
UCVRQRUGJ,Aymen-dz,QR9LYCYP,anwar no skill,57000010,Algeria,"[26000044, 26000064, 26000074, 26000014, 27000003, 26000085, 26000043, 28000000]","['Hunter', 'Firecracker', 'Golden Knight', 'Musketeer', 'Inferno Tower', 'Electro Giant', 'Elite Barbarians', 'Fireball']",10150,101402,1369.6,550.0,4.6,6848.0,2750.0
LVVQQJL82,ツJALIL✨Dzz,QR9LYCYP,anwar no skill,57000010,Algeria,"[26000007, 26000021, 27000006, 26000055, 26000012, 28000001, 26000022, 26000035]","['Witch', 'Hog Rider', 'Tesla', 'Mega Knight', 'Skeleton Army', 'Arrows', 'Minion Horde', 'Lumberjack']",10127,101402,1534.0,571.375,4.375,12272.0,4571.0
Y0PQCR8QP,äbdø …dŽ,QR9LYCYP,anwar no skill,57000010,Algeria,"[26000049, 26000055, 26000056, 26000019, 26000032, 26000037, 26000041, 28000008]","['Bats', 'Mega Knight', 'Skeleton Barrel', 'Spear Goblins', 'Miner', 'Inferno Dragon', 'Goblin Gang', 'Zap']",10120,101402,1284.625,330.75,3.25,10277.0,2646.0
20RRJULP9,DQ,QR9LYCYP,anwar no skill,57000010,Algeria,"[26000047, 26000058, 26000065, 26000021, 26000025, 26000041, 26000064, 28000001]","['Royal Recruits', 'Wall Breakers', 'Mighty Miner', 'Hog Rider', 'Guards', 'Goblin Gang', 'Firecracker', 'Arrows']",10120,101402,617.6666666666666,604.6666666666666,3.6666666666666665,3706.0,3628.0
U9GP92U00,Falah,R2JURQ2R,REAL ALGERIA™,57000010,Algeria,"[26000007, 27000006, 26000018, 28000011, 26000003, 28000018, 26000056, 26000023]","['Witch', 'Tesla', 'Mini P.E.K.K.A', 'The Log', 'Giant', 'Royal Delivery', 'Skeleton Barrel', 'Ice Wizard']",10500,101302,1661.2857142857142,375.42857142857144,3.7142857142857144,11629.0,2628.0
PCJLCRQPL,MOHAMED LITE,R2JURQ2R,REAL ALGERIA™,57000010,Algeria,"[26000035, 26000047, 26000018, 26000074, 26000052, 28000001, 26000006, 28000017]","['Lumberjack', 'Royal Recruits', 'Mini P.E.K.K.A', 'Golden Knight', 'Zappies', 'Arrows', 'Balloon', 'Giant Snowball']",10364,101302,963.7142857142857,604.4285714285714,4.142857142857143,6746.0,4231.0
80GL2G29V,友•| NightCore,R2JURQ2R,REAL ALGERIA™,57000010,Algeria,"[26000007, 26000000, 28000010, 26000102, 28000009, 27000001, 28000026, 28000015]","['Witch', 'Knight', 'Graveyard', 'Berserker', 'Poison', 'Goblin Hut', 'Vines', 'Barbarian Barrel']",10332,101302,809.3333333333334,496.3333333333333,4.0,4856.0,2978.0
9U88J2UY9,Amdjed,R2JURQ2R,REAL ALGERIA™,57000010,Algeria,"[26000064, 26000011, 26000018, 26000021, 26000001, 26000012, 28000005, 26000016]","['Firecracker', 'Valkyrie', 'Mini P.E.K.K.A', 'Hog Rider', 'Archers', 'Skeleton Army', 'Freeze', 'Prince']",10230,101302,1418.7142857142858,601.0,3.857142857142857,9931.0,4207.0
P8990CLP,★ANES KING★,R2JURQ2R,REAL ALGERIA™,57000010,Algeria,"[26000064, 26000055, 26000018, 26000041, 26000007, 28000011, 26000067, 26000049]","['Firecracker', 'Mega Knight', 'Mini P.E.K.K.A', 'Goblin Gang', 'Witch', 'The Log', 'Elixir Golem', 'Bats']",10212,101302,1562.0,516.4285714285714,3.7142857142857144,10934.0,3615.0
8YU999GGU,who's IN PARIS!,R2JURQ2R,REAL ALGERIA™,57000010,Algeria,"[26000037, 26000056, 26000019, 28000008, 26000055, 26000049, 26000041, 26000032]","['Inferno Dragon', 'Skeleton Barrel', 'Spear Goblins', 'Zap', 'Mega Knight', 'Bats', 'Goblin Gang', 'Miner']",10210,101302,1284.625,330.75,3.25,10277.0,2646.0
2U2CQRQ08,Menad,R2JURQ2R,REAL ALGERIA™,57000010,Algeria,"[26000064, 26000047, 28000004, 28000001, 26000049, 26000056, 26000041, 26000034]","['Firecracker', 'Royal Recruits', 'Goblin Barrel', 'Arrows', 'Bats', 'Skeleton Barrel', 'Goblin Gang', 'Bowler']",10120,101302,662.5714285714286,480.14285714285717,3.7142857142857144,4638.0,3361.0
29J2928VG,predatox,R2JURQ2R,REAL ALGERIA™,57000010,Algeria,"[26000055, 26000007, 28000001, 26000042, 26000036, 28000008, 26000046, 26000050]","['Mega Knight', 'Witch', 'Arrows', 'Electro Wizard', 'Battle Ram', 'Zap', 'Bandit', 'Royal Ghost']",10117,101302,1417.75,326.0,3.875,11342.0,2608.0
CPYJGQJG,The Master,R2JURQ2R,REAL ALGERIA™,57000010,Algeria,"[26000012, 28000008, 26000003, 26000033, 26000018, 26000022, 28000001, 26000010]","['Skeleton Army', 'Zap', 'Giant', 'Sparky', 'Mini P.E.K.K.A', 'Minion Horde', 'Arrows', 'Skeletons']",10115,101302,1184.25,806.125,3.625,9474.0,6449.0
RJ9P90GGU,Mohamed,R2JURQ2R,REAL ALGERIA™,57000010,Algeria,"[26000056, 26000055, 26000041, 26000007, 26000040, 26000064, 28000004, 28000008]","['Skeleton Barrel', 'Mega Knight', 'Goblin Gang', 'Witch', 'Dart Goblin', 'Firecracker', 'Goblin Barrel', 'Zap']",10115,101302,1200.4285714285713,352.2857142857143,3.7142857142857144,8403.0,2466.0
CPQ2R9J92,"""SHANKS""",GQPJ0JCY,True Homies,57000010,Algeria,"[26000014, 28000017, 26000010, 26000006, 27000004, 26000038, 28000015, 26000032]","['Musketeer', 'Giant Snowball', 'Skeletons', 'Balloon', 'Bomb Tower', 'Ice Golem', 'Barbarian Barrel', 'Miner']",10550,101287,1034.25,387.25,2.875,8274.0,3098.0
VP2VVVLV9,Raou you,GQPJ0JCY,True Homies,57000010,Algeria,"[27000000, 26000059, 26000072, 26000010, 28000014, 28000011, 28000018, 26000030]","['Cannon', 'Royal Hogs', 'Archer Queen', 'Skeletons', 'Earthquake', 'The Log', 'Royal Delivery', 'Ice Spirit']",10290,101287,500.3333333333333,442.0,2.5,3002.0,2652.0
VGRL9Q0GV,Endeavor,GQPJ0JCY,True Homies,57000010,Algeria,"[26000024, 26000050, 26000044, 26000061, 28000000, 26000010, 26000084, 28000015]","['Royal Giant', 'Royal Ghost', 'Hunter', 'Fisherman', 'Fireball', 'Skeletons', 'Electro Spirit', 'Barbarian Barrel']",10264,101287,1297.0,438.57142857142856,3.2857142857142856,9079.0,3070.0
2RC0PU8GP,ÄMär AD,GQPJ0JCY,True Homies,57000010,Algeria,"[26000041, 26000040, 26000000, 28000004, 28000011, 26000026, 28000003, 27000003]","['Goblin Gang', 'Dart Goblin', 'Knight', 'Goblin Barrel', 'The Log', 'Princess', 'Rocket', 'Inferno Tower']",10205,101287,733.625,528.5,3.5,5869.0,4228.0
UPJ8UU0GJ,YOUNES BN6,GQPJ0JCY,True Homies,57000010,Algeria,"[26000056, 27000002, 26000069, 26000054, 28000001, 26000005, 26000023, 26000041]","['Skeleton Barrel', 'Mortar', 'Skeleton King', 'Cannon Cart', 'Arrows', 'Minions', 'Ice Wizard', 'Goblin Gang']",10150,101287,825.8571428571429,473.85714285714283,3.4285714285714284,5781.0,3317.0
GCY0RVVJY,Xebec,GQPJ0JCY,True Homies,57000010,Algeria,"[26000024, 26000044, 28000011, 26000061, 26000020, 26000052, 26000084, 28000000]","['Royal Giant', 'Hunter', 'The Log', 'Fisherman', 'Giant Skeleton', 'Zappies', 'Electro Spirit', 'Fireball']",10150,101287,1789.2857142857142,442.85714285714283,4.142857142857143,12525.0,3100.0
2R800PVPJ,™GØGĒTÃ©®,GQPJ0JCY,True Homies,57000010,Algeria,"[26000001, 27000006, 26000030, 27000008, 28000000, 26000010, 28000011, 26000038]","['Archers', 'Tesla', 'Ice Spirit', 'X-Bow', 'Fireball', 'Skeletons', 'The Log', 'Ice Golem']",10150,101287,880.625,239.5,2.875,7045.0,1916.0
VP9GQC02J,JINWOO,GQPJ0JCY,True Homies,57000010,Algeria,"[28000004, 26000011, 26000030, 28000011, 27000000, 26000026, 26000041, 28000003]","['Goblin Barrel', 'Valkyrie', 'Ice Spirit', 'The Log', 'Cannon', 'Princess', 'Goblin Gang', 'Rocket']",10147,101287,641.0,563.875,3.125,5128.0,4511.0
U890JGQJ8,BARI,GQPJ0JCY,True Homies,57000010,Algeria,"[26000064, 27000006, 26000065, 28000011, 26000021, 28000014, 26000030, 26000041]","['Firecracker', 'Tesla', 'Mighty Miner', 'The Log', 'Hog Rider', 'Earthquake', 'Ice Spirit', 'Goblin Gang']",10121,101287,792.6666666666666,520.6666666666666,2.8333333333333335,4756.0,3124.0
Q99GGPYUP,haider,GQPJ0JCY,True Homies,57000010,Algeria,"[26000064, 26000055, 26000014, 26000049, 27000003, 26000056, 26000058, 26000010]","['Firecracker', 'Mega Knight', 'Musketeer', 'Bats', 'Inferno Tower', 'Skeleton Barrel', 'Wall Breakers', 'Skeletons']",10120,101287,1460.5714285714287,430.85714285714283,3.4285714285714284,10224.0,3016.0
UJU8CRV9Y,lakaka_cr❤️RG,R9GPLQ0R,lakaka_cr,57000010,Algeria,"[26000024, 26000050, 26000044, 26000061, 28000011, 28000000, 26000084, 26000025]","['Royal Giant', 'Royal Ghost', 'Hunter', 'Fisherman', 'The Log', 'Fireball', 'Electro Spirit', 'Guards']",10329,101020,1327.0,425.42857142857144,3.5714285714285716,9289.0,2978.0
CUC0C228Y,blanko,R9GPLQ0R,lakaka_cr,57000010,Algeria,"[27000000, 26000064, 26000065, 28000011, 26000021, 28000014, 26000010, 26000084]","['Cannon', 'Firecracker', 'Mighty Miner', 'The Log', 'Hog Rider', 'Earthquake', 'Skeletons', 'Electro Spirit']",10267,101020,767.2,514.4,2.6,3836.0,2572.0
UCQPQRPQ0,<c2>✨Louai❤DZ✨,R9GPLQ0R,lakaka_cr,57000010,Algeria,"[26000001, 27000006, 26000000, 26000084, 28000000, 27000008, 26000010, 28000011]","['Archers', 'Tesla', 'Knight', 'Electro Spirit', 'Fireball', 'X-Bow', 'Skeletons', 'The Log']",10235,101020,1051.857142857143,275.14285714285717,3.2857142857142856,7363.0,1926.0
2PRQRPPYL,Anis,R9GPLQ0R,lakaka_cr,57000010,Algeria,"[26000064, 27000000, 26000065, 28000014, 26000021, 26000010, 26000030, 28000011]","['Firecracker', 'Cannon', 'Mighty Miner', 'Earthquake', 'Hog Rider', 'Skeletons', 'Ice Spirit', 'The Log']",10210,101020,690.1666666666666,452.8333333333333,2.3333333333333335,4141.0,2717.0
2RG08C0JG,Baki,R9GPLQ0R,lakaka_cr,57000010,Algeria,"[26000014, 26000010, 27000004, 26000032, 26000038, 26000006, 28000017, 28000015]","['Musketeer', 'Skeletons', 'Bomb Tower', 'Miner', 'Ice Golem', 'Balloon', 'Giant Snowball', 'Barbarian Barrel']",10205,101020,1034.25,387.25,2.875,8274.0,3098.0
RCC02Y8JR,buff miner☠️,R9GPLQ0R,lakaka_cr,57000010,Algeria,"[28000004, 26000058, 26000102, 26000040, 26000011, 27000000, 26000031, 26000030]","['Goblin Barrel', 'Wall Breakers', 'Berserker', 'Dart Goblin', 'Valkyrie', 'Cannon', 'Fire Spirit', 'Ice Spirit']",10172,101020,863.6666666666666,446.5,2.6666666666666665,5182.0,2679.0
UUU0UP0J2,wail dingle.,R9GPLQ0R,lakaka_cr,57000010,Algeria,"[26000001, 27000006, 26000000, 26000030, 28000000, 27000008, 26000010, 28000011]","['Archers', 'Tesla', 'Knight', 'Ice Spirit', 'Fireball', 'X-Bow', 'Skeletons', 'The Log']",10120,101020,958.5,258.875,3.0,7668.0,2071.0
UR8V9QGQQ,Golden Freddy,R9GPLQ0R,lakaka_cr,57000010,Algeria,"[26000011, 26000064, 26000021, 26000014, 28000011, 26000030, 27000006, 28000000]","['Valkyrie', 'Firecracker', 'Hog Rider', 'Musketeer', 'The Log', 'Ice Spirit', 'Tesla', 'Fireball']",10114,101020,1226.7142857142858,316.85714285714283,3.2857142857142856,8587.0,2218.0
8888PCQYR,ARMY ALGERIAN,R9GPLQ0R,lakaka_cr,57000010,Algeria,"[26000045, 26000004, 26000010, 26000021, 28000026, 28000012, 26000005, 28000011]","['Executioner', 'P.E.K.K.A', 'Skeletons', 'Hog Rider', 'Vines', 'Tornado', 'Minions', 'The Log']",10097,101020,1310.4285714285713,522.4285714285714,3.5714285714285716,9173.0,3657.0
9GCVJCCQ,yacine jr,R9GPLQ0R,lakaka_cr,57000010,Algeria,"[26000011, 26000045, 26000030, 26000002, 28000012, 28000003, 26000021, 28000011]","['Valkyrie', 'Executioner', 'Ice Spirit', 'Goblins', 'Tornado', 'Rocket', 'Hog Rider', 'The Log']",10090,101020,873.875,598.75,3.375,6991.0,4790.0
RU0G290U,Kirito ^_^,2LUL2UY,ALGERIE GUERRIA,57000010,Algeria,"[26000047, 26000040, 26000034, 27000010, 28000001, 26000041, 28000004, 26000058]","['Royal Recruits', 'Dart Goblin', 'Bowler', 'Furnace', 'Arrows', 'Goblin Gang', 'Goblin Barrel', 'Wall Breakers']",10387,100983,537.0,510.125,3.75,4296.0,4081.0
9JL82LPYC,Mc Lama,2LUL2UY,ALGERIE GUERRIA,57000010,Algeria,"[26000064, 26000047, 26000065, 26000021, 28000001, 26000025, 26000058, 26000041]","['Firecracker', 'Royal Recruits', 'Mighty Miner', 'Hog Rider', 'Arrows', 'Guards', 'Wall Breakers', 'Goblin Gang']",10242,100983,617.6666666666666,604.6666666666666,3.6666666666666665,3706.0,3628.0
P2CG0PLLP,messi2,2LUL2UY,ALGERIE GUERRIA,57000010,Algeria,"[26000011, 26000007, 26000049, 28000001, 28000004, 26000041, 26000021, 28000015]","['Valkyrie', 'Witch', 'Bats', 'Arrows', 'Goblin Barrel', 'Goblin Gang', 'Hog Rider', 'Barbarian Barrel']",10211,100983,844.75,440.125,3.25,6758.0,3521.0
YVRYGYUG,SaBeR DZ 05,2LUL2UY,ALGERIE GUERRIA,57000010,Algeria,"[26000055, 26000007, 26000011, 26000064, 28000001, 28000004, 27000006, 26000041]","['Mega Knight', 'Witch', 'Valkyrie', 'Firecracker', 'Arrows', 'Goblin Barrel', 'Tesla', 'Goblin Gang']",10210,100983,1601.0,417.7142857142857,4.142857142857143,11207.0,2924.0
PQPG2Y9U0,salah adnane,2LUL2UY,ALGERIE GUERRIA,57000010,Algeria,"[26000059, 27000012, 26000074, 26000057, 26000047, 28000015, 28000001, 26000052]","['Royal Hogs', 'Goblin Cage', 'Golden Knight', 'Flying Machine', 'Royal Recruits', 'Barbarian Barrel', 'Arrows', 'Zappies']",10168,100983,420.42857142857144,329.85714285714283,4.142857142857143,2943.0,2309.0
89Q8290U,Fantazi Salah,2LUL2UY,ALGERIE GUERRIA,57000010,Algeria,"[26000064, 26000055, 26000000, 26000067, 26000037, 26000026, 28000001, 26000013]","['Firecracker', 'Mega Knight', 'Knight', 'Elixir Golem', 'Inferno Dragon', 'Princess', 'Arrows', 'Bomber']",10118,100983,1776.0,293.2857142857143,3.7142857142857144,12432.0,2053.0
9QVL9P8RY,kib,2LUL2UY,ALGERIE GUERRIA,57000010,Algeria,"[26000064, 26000011, 26000002, 26000021, 27000004, 28000011, 28000014, 26000030]","['Firecracker', 'Valkyrie', 'Goblins', 'Hog Rider', 'Bomb Tower', 'The Log', 'Earthquake', 'Ice Spirit']",10090,100983,1079.0,464.57142857142856,2.857142857142857,7553.0,3252.0
8GG8UCGGV,Kader❤️,2LUL2UY,ALGERIE GUERRIA,57000010,Algeria,"[26000055, 26000064, 26000018, 28000001, 26000025, 26000046, 26000045, 26000054]","['Mega Knight', 'Firecracker', 'Mini P.E.K.K.A', 'Arrows', 'Guards', 'Bandit', 'Executioner', 'Cannon Cart']",10090,100983,1616.2857142857142,585.5714285714286,4.285714285714286,11314.0,4099.0
PP99GYCYC,moh,2LUL2UY,ALGERIE GUERRIA,57000010,Algeria,"[26000011, 26000055, 26000018, 26000009, 28000008, 28000000, 26000039, 26000048]","['Valkyrie', 'Mega Knight', 'Mini P.E.K.K.A', 'Golem', 'Zap', 'Fireball', 'Mega Minion', 'Night Witch']",10090,100983,2466.375,435.0,4.5,19731.0,3480.0
28URLCR8L,DOMA SERIOUS,2LUL2UY,ALGERIE GUERRIA,57000010,Algeria,"[26000007, 26000011, 26000103, 28000011, 26000040, 26000064, 26000042, 28000001]","['Witch', 'Valkyrie', 'Boss Bandit', 'The Log', 'Dart Goblin', 'Firecracker', 'Electro Wizard', 'Arrows']",10090,100983,840.0,324.1666666666667,3.5,5040.0,1945.0
